datetime,value
30/12/2020 20:00,3.429
30/12/2020 20:15,3.43
30/12/2020 20:30,3.429
30/12/2020 20:45,3.429
30/12/2020 21:00,3.429
30/12/2020 21:15,3.429
30/12/2020 21:30,3.43
30/12/2020 21:45,3.428
30/12/2020 22:00,3.428
30/12/2020 22:15,3.428
30/12/2020 22:30,3.428
30/12/2020 22:45,3.428
30/12/2020 23:00,3.428
30/12/2020 23:15,3.427
30/12/2020 23:30,3.427
30/12/2020 23:45,3.426
31/12/2020 00:00,3.427
31/12/2020 00:15,3.426
31/12/2020 00:30,3.425
31/12/2020 00:45,3.425
31/12/2020 01:00,3.425
31/12/2020 01:15,3.425
31/12/2020 01:30,3.425
31/12/2020 01:45,3.426
31/12/2020 02:00,3.424
31/12/2020 02:15,3.426
31/12/2020 02:30,3.424
31/12/2020 02:45,3.423
31/12/2020 03:00,3.424
31/12/2020 03:15,3.422
31/12/2020 03:30,3.423
31/12/2020 03:45,3.422
31/12/2020 04:00,3.422
31/12/2020 04:15,3.421
31/12/2020 04:30,3.421
31/12/2020 04:45,3.422
31/12/2020 05:00,3.421
31/12/2020 05:15,3.421
31/12/2020 05:30,3.421
31/12/2020 05:45,3.42
31/12/2020 06:00,3.421
31/12/2020 06:15,3.42
31/12/2020 06:30,3.419
31/12/2020 06:45,3.419
31/12/2020 07:00,3.42
31/12/2020 07:15,3.418
31/12/2020 07:30,3.419
31/12/2020 07:45,3.419
31/12/2020 08:00,3.419
31/12/2020 08:15,3.418
31/12/2020 08:30,3.419
31/12/2020 08:45,3.419
31/12/2020 09:00,3.418
31/12/2020 09:15,3.418
31/12/2020 09:30,3.418
31/12/2020 09:45,3.418
31/12/2020 10:00,3.417
31/12/2020 10:15,3.417
31/12/2020 10:30,3.418
31/12/2020 10:45,3.417
31/12/2020 11:00,3.418
31/12/2020 11:15,3.417
31/12/2020 11:30,3.418
31/12/2020 11:45,3.418
31/12/2020 12:00,3.417
31/12/2020 12:15,3.417
31/12/2020 12:30,3.417
31/12/2020 12:45,3.419
31/12/2020 13:00,3.416
31/12/2020 13:15,3.418
31/12/2020 13:30,3.416
31/12/2020 13:45,3.416
31/12/2020 14:00,3.416
31/12/2020 14:15,3.416
31/12/2020 14:30,3.416
31/12/2020 14:45,3.417
31/12/2020 15:00,3.415
31/12/2020 15:15,3.415
31/12/2020 15:30,3.415
31/12/2020 15:45,3.415
31/12/2020 16:00,3.416
31/12/2020 16:15,3.415
31/12/2020 16:30,3.414
31/12/2020 16:45,3.416
31/12/2020 17:00,3.415
31/12/2020 17:15,3.416
31/12/2020 17:30,3.416
31/12/2020 17:45,3.415
31/12/2020 18:00,3.416
31/12/2020 18:15,3.416
31/12/2020 18:30,3.416
31/12/2020 18:45,3.415
31/12/2020 19:00,3.414
31/12/2020 19:15,3.414
31/12/2020 19:30,3.414
31/12/2020 19:45,3.414
31/12/2020 20:00,3.413
31/12/2020 20:15,3.415
31/12/2020 20:30,3.413
31/12/2020 20:45,3.413
31/12/2020 21:00,3.411
31/12/2020 21:15,3.412
31/12/2020 21:30,3.412
31/12/2020 21:45,3.412
31/12/2020 22:00,3.412
31/12/2020 22:15,3.411
31/12/2020 22:30,3.412
31/12/2020 22:45,3.411
31/12/2020 23:00,3.411
31/12/2020 23:15,3.41
31/12/2020 23:30,3.41
31/12/2020 23:45,3.41
01/01/2021 00:00,3.41
01/01/2021 00:15,3.41
01/01/2021 00:30,3.41
01/01/2021 00:45,3.409
01/01/2021 01:00,3.41
01/01/2021 01:15,3.408
01/01/2021 01:30,3.409
01/01/2021 01:45,3.409
01/01/2021 02:00,3.408
01/01/2021 02:15,3.408
01/01/2021 02:30,3.407
01/01/2021 02:45,3.408
01/01/2021 03:00,3.408
01/01/2021 03:15,3.406
01/01/2021 03:30,3.407
01/01/2021 03:45,3.406
01/01/2021 04:00,3.405
01/01/2021 04:15,3.404
01/01/2021 04:30,3.404
01/01/2021 04:45,3.406
01/01/2021 05:00,3.403
01/01/2021 05:15,3.404
01/01/2021 05:30,3.402
01/01/2021 05:45,3.404
01/01/2021 06:00,3.404
01/01/2021 06:15,3.404
01/01/2021 06:30,3.404
01/01/2021 06:45,3.402
01/01/2021 07:00,3.402
01/01/2021 07:15,3.4
01/01/2021 07:30,3.402
01/01/2021 07:45,3.401
01/01/2021 08:00,3.401
01/01/2021 08:15,3.401
01/01/2021 08:30,3.401
01/01/2021 08:45,3.4
01/01/2021 09:00,3.401
01/01/2021 09:15,3.399
01/01/2021 09:30,3.4
01/01/2021 09:45,3.399
01/01/2021 10:00,3.399
01/01/2021 10:15,3.398
01/01/2021 10:30,3.398
01/01/2021 10:45,3.399
01/01/2021 11:00,3.398
01/01/2021 11:15,3.397
01/01/2021 11:30,3.398
01/01/2021 11:45,3.397
01/01/2021 12:00,3.397
01/01/2021 12:15,3.397
01/01/2021 12:30,3.397
01/01/2021 12:45,3.399
01/01/2021 13:00,3.397
01/01/2021 13:15,3.398
01/01/2021 13:30,3.397
01/01/2021 13:45,3.399
01/01/2021 14:00,3.396
01/01/2021 14:15,3.397
01/01/2021 14:30,3.396
01/01/2021 14:45,3.395
01/01/2021 15:00,3.395
01/01/2021 15:15,3.397
01/01/2021 15:30,3.395
01/01/2021 15:45,3.397
01/01/2021 16:00,3.395
01/01/2021 16:15,3.395
01/01/2021 16:30,3.395
01/01/2021 16:45,3.394
01/01/2021 17:00,3.392
01/01/2021 17:15,3.393
01/01/2021 17:30,3.393
01/01/2021 17:45,3.392
01/01/2021 18:00,3.393
01/01/2021 18:15,3.392
01/01/2021 18:30,3.392
01/01/2021 18:45,3.392
01/01/2021 19:00,3.391
01/01/2021 19:15,3.392
01/01/2021 19:30,3.391
01/01/2021 19:45,3.392
01/01/2021 20:00,3.391
01/01/2021 20:15,3.39
01/01/2021 20:30,3.39
01/01/2021 20:45,3.39
01/01/2021 21:00,3.388
01/01/2021 21:15,3.391
01/01/2021 21:30,3.389
01/01/2021 21:45,3.388
01/01/2021 22:00,3.388
01/01/2021 22:15,3.387
01/01/2021 22:30,3.387
01/01/2021 22:45,3.387
01/01/2021 23:00,3.388
01/01/2021 23:15,3.386
01/01/2021 23:30,3.388
01/01/2021 23:45,3.386
02/01/2021 00:00,3.388
02/01/2021 00:15,3.386
02/01/2021 00:30,3.386
02/01/2021 00:45,3.385
02/01/2021 01:00,3.385
02/01/2021 01:15,3.384
02/01/2021 01:30,3.385
02/01/2021 01:45,3.384
02/01/2021 02:00,3.385
02/01/2021 02:15,3.383
02/01/2021 02:30,3.383
02/01/2021 02:45,3.383
02/01/2021 03:00,3.383
02/01/2021 03:15,3.383
02/01/2021 03:30,3.382
02/01/2021 03:45,3.381
02/01/2021 04:00,3.381
02/01/2021 04:15,3.38
02/01/2021 04:30,3.38
02/01/2021 04:45,3.379
02/01/2021 05:00,3.379
02/01/2021 05:15,3.378
02/01/2021 05:30,3.377
02/01/2021 05:45,3.378
02/01/2021 06:00,3.378
02/01/2021 06:15,3.378
02/01/2021 06:30,3.378
02/01/2021 06:45,3.377
02/01/2021 07:00,3.376
02/01/2021 07:15,3.376
02/01/2021 07:30,3.376
02/01/2021 07:45,3.377
02/01/2021 08:00,3.376
02/01/2021 08:15,3.376
02/01/2021 08:30,3.375
02/01/2021 08:45,3.375
02/01/2021 09:00,3.373
02/01/2021 09:15,3.374
02/01/2021 09:30,3.373
02/01/2021 09:45,3.373
02/01/2021 10:00,3.372
02/01/2021 10:15,3.373
02/01/2021 10:30,3.374
02/01/2021 10:45,3.372
02/01/2021 11:00,3.373
02/01/2021 11:15,3.372
02/01/2021 11:30,3.373
02/01/2021 11:45,3.371
02/01/2021 12:00,3.371
02/01/2021 12:15,3.371
02/01/2021 12:30,3.372
02/01/2021 12:45,3.373
02/01/2021 13:00,3.372
02/01/2021 13:15,3.371
02/01/2021 13:30,3.371
02/01/2021 13:45,3.372
02/01/2021 14:00,3.37
02/01/2021 14:15,3.369
02/01/2021 14:30,3.37
02/01/2021 14:45,3.37
02/01/2021 15:00,3.368
02/01/2021 15:15,3.369
02/01/2021 15:30,3.369
02/01/2021 15:45,3.369
02/01/2021 16:00,3.368
02/01/2021 16:15,3.368
02/01/2021 16:30,3.367
02/01/2021 16:45,3.366
02/01/2021 17:00,3.368
02/01/2021 17:15,3.366
02/01/2021 17:30,3.367
02/01/2021 17:45,3.366
02/01/2021 18:00,3.364
02/01/2021 18:15,3.365
02/01/2021 18:30,3.365
02/01/2021 18:45,3.365
02/01/2021 19:00,3.365
02/01/2021 19:15,3.364
02/01/2021 19:30,3.364
02/01/2021 19:45,3.363
02/01/2021 20:00,3.363
02/01/2021 20:15,3.361
02/01/2021 20:30,3.361
02/01/2021 20:45,3.361
02/01/2021 21:00,3.361
02/01/2021 21:15,3.36
02/01/2021 21:30,3.359
02/01/2021 21:45,3.359
02/01/2021 22:00,3.359
02/01/2021 22:15,3.359
02/01/2021 22:30,3.358
02/01/2021 22:45,3.359
02/01/2021 23:00,3.359
02/01/2021 23:15,3.358
02/01/2021 23:30,3.358
02/01/2021 23:45,3.358
03/01/2021 00:00,3.358
03/01/2021 00:15,3.358
03/01/2021 00:30,3.355
03/01/2021 00:45,3.357
03/01/2021 01:00,3.356
03/01/2021 01:15,3.354
03/01/2021 01:30,3.354
03/01/2021 01:45,3.354
03/01/2021 02:00,3.353
03/01/2021 02:15,3.354
03/01/2021 02:30,3.354
03/01/2021 02:45,3.352
03/01/2021 03:00,3.352
03/01/2021 03:15,3.352
03/01/2021 03:30,3.352
03/01/2021 03:45,3.351
03/01/2021 04:00,3.351
03/01/2021 04:15,3.349
03/01/2021 04:30,3.351
03/01/2021 04:45,3.348
03/01/2021 05:00,3.349
03/01/2021 05:15,3.348
03/01/2021 05:30,3.347
03/01/2021 05:45,3.346
03/01/2021 06:00,3.348
03/01/2021 06:15,3.347
03/01/2021 06:30,3.346
03/01/2021 06:45,3.346
03/01/2021 07:00,3.345
03/01/2021 07:15,3.345
03/01/2021 07:30,3.344
03/01/2021 07:45,3.344
03/01/2021 08:00,3.344
03/01/2021 08:15,3.343
03/01/2021 08:30,3.343
03/01/2021 08:45,3.341
03/01/2021 09:00,3.342
03/01/2021 09:15,3.34
03/01/2021 09:30,3.341
03/01/2021 09:45,3.34
03/01/2021 10:00,3.34
03/01/2021 10:15,3.339
03/01/2021 10:30,3.34
03/01/2021 10:45,3.338
03/01/2021 11:00,3.339
03/01/2021 11:15,3.338
03/01/2021 11:30,3.339
03/01/2021 11:45,3.338
03/01/2021 12:00,3.338
03/01/2021 12:15,3.338
03/01/2021 12:30,3.337
03/01/2021 12:45,3.337
03/01/2021 13:00,3.336
03/01/2021 13:15,3.335
03/01/2021 13:30,3.335
03/01/2021 13:45,3.335
03/01/2021 14:00,3.335
03/01/2021 14:15,3.335
03/01/2021 14:30,3.335
03/01/2021 14:45,3.334
03/01/2021 15:00,3.334
03/01/2021 15:15,3.334
03/01/2021 15:30,3.332
03/01/2021 15:45,3.332
03/01/2021 16:00,3.333
03/01/2021 16:15,3.332
03/01/2021 16:30,3.331
03/01/2021 16:45,3.332
03/01/2021 17:00,3.33
03/01/2021 17:15,3.331
03/01/2021 17:30,3.331
03/01/2021 17:45,3.33
03/01/2021 18:00,3.328
03/01/2021 18:15,3.328
03/01/2021 18:30,3.328
03/01/2021 18:45,3.327
03/01/2021 19:00,3.327
03/01/2021 19:15,3.326
03/01/2021 19:30,3.326
03/01/2021 19:45,3.325
03/01/2021 20:00,3.325
03/01/2021 20:15,3.325
03/01/2021 20:30,3.323
03/01/2021 20:45,3.324
03/01/2021 21:00,3.324
03/01/2021 21:15,3.322
03/01/2021 21:30,3.322
03/01/2021 21:45,3.321
03/01/2021 22:00,3.322
03/01/2021 22:15,3.321
03/01/2021 22:30,3.321
03/01/2021 22:45,3.322
03/01/2021 23:00,3.321
03/01/2021 23:15,3.319
03/01/2021 23:30,3.319
03/01/2021 23:45,3.318
04/01/2021 00:00,3.318
04/01/2021 00:15,3.318
04/01/2021 00:30,3.318
04/01/2021 00:45,3.317
04/01/2021 01:00,3.317
04/01/2021 01:15,3.318
04/01/2021 01:30,3.316
04/01/2021 01:45,3.315
04/01/2021 02:00,3.315
04/01/2021 02:15,3.314
04/01/2021 02:30,3.314
04/01/2021 02:45,3.313
04/01/2021 03:00,3.313
04/01/2021 03:15,3.313
04/01/2021 03:30,3.312
04/01/2021 03:45,3.313
04/01/2021 04:00,3.311
04/01/2021 04:15,3.312
04/01/2021 04:30,3.311
04/01/2021 04:45,3.311
04/01/2021 05:00,3.31
04/01/2021 05:15,3.31
04/01/2021 05:30,3.309
04/01/2021 05:45,3.308
04/01/2021 06:00,3.307
04/01/2021 06:15,3.308
04/01/2021 06:30,3.307
04/01/2021 06:45,3.307
04/01/2021 07:00,3.306
04/01/2021 07:15,3.306
04/01/2021 07:30,3.304
04/01/2021 07:45,3.304
04/01/2021 08:00,3.306
04/01/2021 08:15,3.304
04/01/2021 08:30,3.303
04/01/2021 08:45,3.303
04/01/2021 09:00,3.303
04/01/2021 09:15,3.302
04/01/2021 09:30,3.303
04/01/2021 09:45,3.302
04/01/2021 10:00,3.302
04/01/2021 10:15,3.302
04/01/2021 10:30,3.3
04/01/2021 10:45,3.301
04/01/2021 11:00,3.301
04/01/2021 11:15,3.3
04/01/2021 11:30,3.301
04/01/2021 11:45,3.299
04/01/2021 12:00,3.299
04/01/2021 12:15,3.299
04/01/2021 12:30,3.298
04/01/2021 12:45,3.297
04/01/2021 13:00,3.297
04/01/2021 13:15,3.296
04/01/2021 13:30,3.295
04/01/2021 13:45,3.295
04/01/2021 14:00,3.295
04/01/2021 14:15,3.294
04/01/2021 14:30,3.295
04/01/2021 14:45,3.294
04/01/2021 15:00,3.292
04/01/2021 15:15,3.293
04/01/2021 15:30,3.292
04/01/2021 15:45,3.292
04/01/2021 16:00,3.292
04/01/2021 16:15,3.291
04/01/2021 16:30,3.292
04/01/2021 16:45,3.29
04/01/2021 17:00,3.29
04/01/2021 17:15,3.29
04/01/2021 17:30,3.289
04/01/2021 17:45,3.288
04/01/2021 18:00,3.288
04/01/2021 18:15,3.287
04/01/2021 18:30,3.289
04/01/2021 18:45,3.287
04/01/2021 19:00,3.286
04/01/2021 19:15,3.286
04/01/2021 19:30,3.285
04/01/2021 19:45,3.286
04/01/2021 20:00,3.284
04/01/2021 20:15,3.284
04/01/2021 20:30,3.284
04/01/2021 20:45,3.284
04/01/2021 21:00,3.282
04/01/2021 21:15,3.282
04/01/2021 21:30,3.282
04/01/2021 21:45,3.282
04/01/2021 22:00,3.281
04/01/2021 22:15,3.282
04/01/2021 22:30,3.28
04/01/2021 22:45,3.28
04/01/2021 23:00,3.279
04/01/2021 23:15,3.279
04/01/2021 23:30,3.279
04/01/2021 23:45,3.278
05/01/2021 00:00,3.278
05/01/2021 00:15,3.276
05/01/2021 00:30,3.276
05/01/2021 00:45,3.278
05/01/2021 01:00,3.276
05/01/2021 01:15,3.276
05/01/2021 01:30,3.275
05/01/2021 01:45,3.275
05/01/2021 02:00,3.273
05/01/2021 02:15,3.274
05/01/2021 02:30,3.272
05/01/2021 02:45,3.272
05/01/2021 03:00,3.272
05/01/2021 03:15,3.271
05/01/2021 03:30,3.271
05/01/2021 03:45,3.271
05/01/2021 04:00,3.27
05/01/2021 04:15,3.269
05/01/2021 04:30,3.268
05/01/2021 04:45,3.268
05/01/2021 05:00,3.268
05/01/2021 05:15,3.267
05/01/2021 05:30,3.266
05/01/2021 05:45,3.265
05/01/2021 06:00,3.267
05/01/2021 06:15,3.264
05/01/2021 06:30,3.265
05/01/2021 06:45,3.263
05/01/2021 07:00,3.263
05/01/2021 07:15,3.263
05/01/2021 07:30,3.262
05/01/2021 07:45,3.261
05/01/2021 08:00,3.261
05/01/2021 08:15,3.259
05/01/2021 08:30,3.26
05/01/2021 08:45,3.259
05/01/2021 09:00,3.258
05/01/2021 09:15,3.258
05/01/2021 09:30,3.256
05/01/2021 09:45,3.256
05/01/2021 10:00,3.256
05/01/2021 10:15,3.255
05/01/2021 10:30,3.253
05/01/2021 10:45,3.255
05/01/2021 11:00,3.254
05/01/2021 11:15,3.253
05/01/2021 11:30,3.253
05/01/2021 11:45,3.252
05/01/2021 12:00,3.252
05/01/2021 12:15,3.251
05/01/2021 12:30,3.251
05/01/2021 12:45,3.25
05/01/2021 13:00,3.25
05/01/2021 13:15,3.25
05/01/2021 13:30,3.249
05/01/2021 13:45,3.25
05/01/2021 14:00,3.248
05/01/2021 14:15,3.247
05/01/2021 14:30,3.249
05/01/2021 14:45,3.247
05/01/2021 15:00,3.248
05/01/2021 15:15,3.247
05/01/2021 15:30,3.246
05/01/2021 15:45,3.245
05/01/2021 16:00,3.245
05/01/2021 16:15,3.243
05/01/2021 16:30,3.244
05/01/2021 16:45,3.243
05/01/2021 17:00,3.244
05/01/2021 17:15,3.242
05/01/2021 17:30,3.241
05/01/2021 17:45,3.241
05/01/2021 18:00,3.241
05/01/2021 18:15,3.24
05/01/2021 18:30,3.24
05/01/2021 18:45,3.24
05/01/2021 19:00,3.239
05/01/2021 19:15,3.238
05/01/2021 19:30,3.236
05/01/2021 19:45,3.236
05/01/2021 20:00,3.237
05/01/2021 20:15,3.235
05/01/2021 20:30,3.235
05/01/2021 20:45,3.235
05/01/2021 21:00,3.232
05/01/2021 21:15,3.233
05/01/2021 21:30,3.233
05/01/2021 21:45,3.23
05/01/2021 22:00,3.23
05/01/2021 22:15,3.231
05/01/2021 22:30,3.23
05/01/2021 22:45,3.23
05/01/2021 23:00,3.229
05/01/2021 23:15,3.228
05/01/2021 23:30,3.228
05/01/2021 23:45,3.227
06/01/2021 00:00,3.227
06/01/2021 00:15,3.226
06/01/2021 00:30,3.225
06/01/2021 00:45,3.224
06/01/2021 01:00,3.224
06/01/2021 01:15,3.223
06/01/2021 01:30,3.222
06/01/2021 01:45,3.222
06/01/2021 02:00,3.222
06/01/2021 02:15,3.221
06/01/2021 02:30,3.221
06/01/2021 02:45,3.219
06/01/2021 03:00,3.219
06/01/2021 03:15,3.218
06/01/2021 03:30,3.218
06/01/2021 03:45,3.217
06/01/2021 04:00,3.216
06/01/2021 04:15,3.215
06/01/2021 04:30,3.215
06/01/2021 04:45,3.214
06/01/2021 05:00,3.213
06/01/2021 05:15,3.213
06/01/2021 05:30,3.213
06/01/2021 05:45,3.211
06/01/2021 06:00,3.212
06/01/2021 06:15,3.21
06/01/2021 06:30,3.21
06/01/2021 06:45,3.208
06/01/2021 07:00,3.209
06/01/2021 07:15,3.209
06/01/2021 07:30,3.207
06/01/2021 07:45,3.206
06/01/2021 08:00,3.207
06/01/2021 08:15,3.205
06/01/2021 08:30,3.206
06/01/2021 08:45,3.204
06/01/2021 09:00,3.203
06/01/2021 09:15,3.203
06/01/2021 09:30,3.202
06/01/2021 09:45,3.201
06/01/2021 10:00,3.202
06/01/2021 10:15,3.201
06/01/2021 10:30,3.199
06/01/2021 10:45,3.2
06/01/2021 11:00,3.198
06/01/2021 11:15,3.198
06/01/2021 11:30,3.197
06/01/2021 11:45,3.196
06/01/2021 12:00,3.195
06/01/2021 12:15,3.195
06/01/2021 12:30,3.194
06/01/2021 12:45,3.193
06/01/2021 13:00,3.193
06/01/2021 13:15,3.193
06/01/2021 13:30,3.191
06/01/2021 13:45,3.192
06/01/2021 14:00,3.19
06/01/2021 14:15,3.191
06/01/2021 14:30,3.191
06/01/2021 14:45,3.188
06/01/2021 15:00,3.188
06/01/2021 15:15,3.187
06/01/2021 15:30,3.188
06/01/2021 15:45,3.187
06/01/2021 16:00,3.186
06/01/2021 16:15,3.185
06/01/2021 16:30,3.185
06/01/2021 16:45,3.185
06/01/2021 17:00,3.183
06/01/2021 17:15,3.183
06/01/2021 17:30,3.184
06/01/2021 17:45,3.181
06/01/2021 18:00,3.18
06/01/2021 18:15,3.18
06/01/2021 18:30,3.179
06/01/2021 18:45,3.179
06/01/2021 19:00,3.178
06/01/2021 19:15,3.178
06/01/2021 19:30,3.176
06/01/2021 19:45,3.176
06/01/2021 20:00,3.175
06/01/2021 20:15,3.174
06/01/2021 20:30,3.173
06/01/2021 20:45,3.172
06/01/2021 21:00,3.172
06/01/2021 21:15,3.17
06/01/2021 21:30,3.171
06/01/2021 21:45,3.169
06/01/2021 22:00,3.17
06/01/2021 22:15,3.169
06/01/2021 22:30,3.168
06/01/2021 22:45,3.167
06/01/2021 23:00,3.165
06/01/2021 23:15,3.166
06/01/2021 23:30,3.166
06/01/2021 23:45,3.164
07/01/2021 00:00,3.164
07/01/2021 00:15,3.162
07/01/2021 00:30,3.16
07/01/2021 00:45,3.161
07/01/2021 01:00,3.16
07/01/2021 01:15,3.16
07/01/2021 01:30,3.159
07/01/2021 01:45,3.158
07/01/2021 02:00,3.157
07/01/2021 02:15,3.157
07/01/2021 02:30,3.155
07/01/2021 02:45,3.155
07/01/2021 03:00,3.154
07/01/2021 03:15,3.154
07/01/2021 03:30,3.153
07/01/2021 03:45,3.152
07/01/2021 04:00,3.152
07/01/2021 04:15,3.152
07/01/2021 04:30,3.151
07/01/2021 04:45,3.15
07/01/2021 05:00,3.15
07/01/2021 05:15,3.149
07/01/2021 05:30,3.148
07/01/2021 05:45,3.147
07/01/2021 06:00,3.148
07/01/2021 06:15,3.146
07/01/2021 06:30,3.147
07/01/2021 06:45,3.147
07/01/2021 07:00,3.147
07/01/2021 07:15,3.145
07/01/2021 07:30,3.145
07/01/2021 07:45,3.146
07/01/2021 08:00,3.145
07/01/2021 08:15,3.143
07/01/2021 08:30,3.143
07/01/2021 08:45,3.142
07/01/2021 09:00,3.142
07/01/2021 09:15,3.141
07/01/2021 09:30,3.141
07/01/2021 09:45,3.141
07/01/2021 10:00,3.139
07/01/2021 10:15,3.138
07/01/2021 10:30,3.137
07/01/2021 10:45,3.137
07/01/2021 11:00,3.137
07/01/2021 11:15,3.136
07/01/2021 11:30,3.136
07/01/2021 11:45,3.134
07/01/2021 12:00,3.134
07/01/2021 12:15,3.133
07/01/2021 12:30,3.133
07/01/2021 12:45,3.134
07/01/2021 13:00,3.132
07/01/2021 13:15,3.131
07/01/2021 13:30,3.131
07/01/2021 13:45,3.131
07/01/2021 14:00,3.13
07/01/2021 14:15,3.131
07/01/2021 14:30,3.13
07/01/2021 14:45,3.13
07/01/2021 15:00,3.128
07/01/2021 15:15,3.129
07/01/2021 15:30,3.127
07/01/2021 15:45,3.127
07/01/2021 16:00,3.127
07/01/2021 16:15,3.127
07/01/2021 16:30,3.126
07/01/2021 16:45,3.125
07/01/2021 17:00,3.124
07/01/2021 17:15,3.124
07/01/2021 17:30,3.123
07/01/2021 17:45,3.122
07/01/2021 18:00,3.122
07/01/2021 18:15,3.121
07/01/2021 18:30,3.12
07/01/2021 18:45,3.119
07/01/2021 19:00,3.119
07/01/2021 19:15,3.119
07/01/2021 19:30,3.118
07/01/2021 19:45,3.116
07/01/2021 20:00,3.117
07/01/2021 20:15,3.116
07/01/2021 20:30,3.115
07/01/2021 20:45,3.115
07/01/2021 21:00,3.115
07/01/2021 21:15,3.113
07/01/2021 21:30,3.114
07/01/2021 21:45,3.113
07/01/2021 22:00,3.113
07/01/2021 22:15,3.111
07/01/2021 22:30,3.11
07/01/2021 22:45,3.109
07/01/2021 23:00,3.11
07/01/2021 23:15,3.11
07/01/2021 23:30,3.108
07/01/2021 23:45,3.108
08/01/2021 00:00,3.109
08/01/2021 00:15,3.106
08/01/2021 00:30,3.106
08/01/2021 00:45,3.105
08/01/2021 01:00,3.104
08/01/2021 01:15,3.103
08/01/2021 01:30,3.103
08/01/2021 01:45,3.101
08/01/2021 02:00,3.101
08/01/2021 02:15,3.101
08/01/2021 02:30,3.1
08/01/2021 02:45,3.1
08/01/2021 03:00,3.098
08/01/2021 03:15,3.098
08/01/2021 03:30,3.098
08/01/2021 03:45,3.097
08/01/2021 04:00,3.095
08/01/2021 04:15,3.096
08/01/2021 04:30,3.095
08/01/2021 04:45,3.095
08/01/2021 05:00,3.095
08/01/2021 05:15,3.093
08/01/2021 05:30,3.094
08/01/2021 05:45,3.093
08/01/2021 06:00,3.093
08/01/2021 06:15,3.093
08/01/2021 06:30,3.093
08/01/2021 06:45,3.092
08/01/2021 07:00,3.09
08/01/2021 07:15,3.09
08/01/2021 07:30,3.09
08/01/2021 07:45,3.089
08/01/2021 08:00,3.088
08/01/2021 08:15,3.087
08/01/2021 08:30,3.088
08/01/2021 08:45,3.086
08/01/2021 09:00,3.086
08/01/2021 09:15,3.085
08/01/2021 09:30,3.084
08/01/2021 09:45,3.084
08/01/2021 10:00,3.083
08/01/2021 10:15,3.082
08/01/2021 10:30,3.082
08/01/2021 10:45,3.081
08/01/2021 11:00,3.081
08/01/2021 11:15,3.08
08/01/2021 11:30,3.081
08/01/2021 11:45,3.08
08/01/2021 12:00,3.079
08/01/2021 12:15,3.077
08/01/2021 12:30,3.078
08/01/2021 12:45,3.078
08/01/2021 13:00,3.077
08/01/2021 13:15,3.076
08/01/2021 13:30,3.076
08/01/2021 13:45,3.075
08/01/2021 14:00,3.075
08/01/2021 14:15,3.074
08/01/2021 14:30,3.074
08/01/2021 14:45,3.073
08/01/2021 15:00,3.072
08/01/2021 15:15,3.071
08/01/2021 15:30,3.07
08/01/2021 15:45,3.069
08/01/2021 16:00,3.069
08/01/2021 16:15,3.068
08/01/2021 16:30,3.066
08/01/2021 16:45,3.066
08/01/2021 17:00,3.066
08/01/2021 17:15,3.065
08/01/2021 17:30,3.064
08/01/2021 17:45,3.064
08/01/2021 18:00,3.063
08/01/2021 18:15,3.063
08/01/2021 18:30,3.061
08/01/2021 18:45,3.06
08/01/2021 19:00,3.061
08/01/2021 19:15,3.06
08/01/2021 19:30,3.06
08/01/2021 19:45,3.058
08/01/2021 20:00,3.057
08/01/2021 20:15,3.057
08/01/2021 20:30,3.056
08/01/2021 20:45,3.055
08/01/2021 21:00,3.054
08/01/2021 21:15,3.054
08/01/2021 21:30,3.052
08/01/2021 21:45,3.052
08/01/2021 22:00,3.051
08/01/2021 22:15,3.05
08/01/2021 22:30,3.049
08/01/2021 22:45,3.049
08/01/2021 23:00,3.048
08/01/2021 23:15,3.048
08/01/2021 23:30,3.046
08/01/2021 23:45,3.046
09/01/2021 00:00,3.046
09/01/2021 00:15,3.045
09/01/2021 00:30,3.044
09/01/2021 00:45,3.043
09/01/2021 01:00,3.044
09/01/2021 01:15,3.042
09/01/2021 01:30,3.041
09/01/2021 01:45,3.039
09/01/2021 02:00,3.04
09/01/2021 02:15,3.038
09/01/2021 02:30,3.037
09/01/2021 02:45,3.037
09/01/2021 03:00,3.037
09/01/2021 03:15,3.036
09/01/2021 03:30,3.035
09/01/2021 03:45,3.036
09/01/2021 04:00,3.034
09/01/2021 04:15,3.033
09/01/2021 04:30,3.032
09/01/2021 04:45,3.031
09/01/2021 05:00,3.03
09/01/2021 05:15,3.029
09/01/2021 05:30,3.029
09/01/2021 05:45,3.027
09/01/2021 06:00,3.028
09/01/2021 06:15,3.026
09/01/2021 06:30,3.026
09/01/2021 06:45,3.025
09/01/2021 07:00,3.025
09/01/2021 07:15,3.025
09/01/2021 07:30,3.022
09/01/2021 07:45,3.022
09/01/2021 08:00,3.022
09/01/2021 08:15,3.02
09/01/2021 08:30,3.02
09/01/2021 08:45,3.019
09/01/2021 09:00,3.019
09/01/2021 09:15,3.018
09/01/2021 09:30,3.019
09/01/2021 09:45,3.016
09/01/2021 10:00,3.016
09/01/2021 10:15,3.015
09/01/2021 10:30,3.014
09/01/2021 10:45,3.013
09/01/2021 11:00,3.013
09/01/2021 11:15,3.013
09/01/2021 11:30,3.012
09/01/2021 11:45,3.011
09/01/2021 12:00,3.011
09/01/2021 12:15,3.01
09/01/2021 12:30,3.008
09/01/2021 12:45,3.009
09/01/2021 13:00,3.009
09/01/2021 13:15,3.007
09/01/2021 13:30,3.007
09/01/2021 13:45,3.006
09/01/2021 14:00,3.006
09/01/2021 14:15,3.005
09/01/2021 14:30,3.004
09/01/2021 14:45,3.003
09/01/2021 15:00,3.003
09/01/2021 15:15,3.003
09/01/2021 15:30,3.001
09/01/2021 15:45,3.001
09/01/2021 16:00,2.999
09/01/2021 16:15,2.999
09/01/2021 16:30,2.999
09/01/2021 16:45,2.998
09/01/2021 17:00,2.997
09/01/2021 17:15,2.997
09/01/2021 17:30,2.995
09/01/2021 17:45,2.995
09/01/2021 18:00,2.994
09/01/2021 18:15,2.993
09/01/2021 18:30,2.994
09/01/2021 18:45,2.993
09/01/2021 19:00,2.991
09/01/2021 19:15,2.992
09/01/2021 19:30,2.99
09/01/2021 19:45,2.989
09/01/2021 20:00,2.988
09/01/2021 20:15,2.988
09/01/2021 20:30,2.988
09/01/2021 20:45,2.986
09/01/2021 21:00,2.986
09/01/2021 21:15,2.985
09/01/2021 21:30,2.984
09/01/2021 21:45,2.983
09/01/2021 22:00,2.983
09/01/2021 22:15,2.983
09/01/2021 22:30,2.983
09/01/2021 22:45,2.983
09/01/2021 23:00,2.981
09/01/2021 23:15,2.98
09/01/2021 23:30,2.98
09/01/2021 23:45,2.98
10/01/2021 00:00,2.978
10/01/2021 00:15,2.978
10/01/2021 00:30,2.978
10/01/2021 00:45,2.977
10/01/2021 01:00,2.976
10/01/2021 01:15,2.975
10/01/2021 01:30,2.974
10/01/2021 01:45,2.975
10/01/2021 02:00,2.974
10/01/2021 02:15,2.973
10/01/2021 02:30,2.972
10/01/2021 02:45,2.972
10/01/2021 03:00,2.97
10/01/2021 03:15,2.97
10/01/2021 03:30,2.969
10/01/2021 03:45,2.97
10/01/2021 04:00,2.968
10/01/2021 04:15,2.968
10/01/2021 04:30,2.967
10/01/2021 04:45,2.968
10/01/2021 05:00,2.966
10/01/2021 05:15,2.965
10/01/2021 05:30,2.965
10/01/2021 05:45,2.964
10/01/2021 06:00,2.964
10/01/2021 06:15,2.964
10/01/2021 06:30,2.963
10/01/2021 06:45,2.963
10/01/2021 07:00,2.963
10/01/2021 07:15,2.962
10/01/2021 07:30,2.96
10/01/2021 07:45,2.961
10/01/2021 08:00,2.959
10/01/2021 08:15,2.96
10/01/2021 08:30,2.958
10/01/2021 08:45,2.957
10/01/2021 09:00,2.958
10/01/2021 09:15,2.956
10/01/2021 09:30,2.956
10/01/2021 09:45,2.957
10/01/2021 10:00,2.955
10/01/2021 10:15,2.955
10/01/2021 10:30,2.953
10/01/2021 10:45,2.954
10/01/2021 11:00,2.953
10/01/2021 11:15,2.952
10/01/2021 11:30,2.952
10/01/2021 11:45,2.951
10/01/2021 12:00,2.949
10/01/2021 12:15,2.949
10/01/2021 12:30,2.95
10/01/2021 12:45,2.949
10/01/2021 13:00,2.948
10/01/2021 13:15,2.947
10/01/2021 13:30,2.947
10/01/2021 13:45,2.946
10/01/2021 14:00,2.946
10/01/2021 14:15,2.945
10/01/2021 14:30,2.945
10/01/2021 14:45,2.944
10/01/2021 15:00,2.945
10/01/2021 15:15,2.944
10/01/2021 15:30,2.944
10/01/2021 15:45,2.941
10/01/2021 16:00,2.942
10/01/2021 16:15,2.942
10/01/2021 16:30,2.942
10/01/2021 16:45,2.942
10/01/2021 17:00,2.942
10/01/2021 17:15,2.941
10/01/2021 17:30,2.941
10/01/2021 17:45,2.94
10/01/2021 18:00,2.939
10/01/2021 18:15,2.939
10/01/2021 18:30,2.938
10/01/2021 18:45,2.936
10/01/2021 19:00,2.936
10/01/2021 19:15,2.937
10/01/2021 19:30,2.936
10/01/2021 19:45,2.935
10/01/2021 20:00,2.936
10/01/2021 20:15,2.935
10/01/2021 20:30,2.934
10/01/2021 20:45,2.933
10/01/2021 21:00,2.933
10/01/2021 21:15,2.932
10/01/2021 21:30,2.932
10/01/2021 21:45,2.932
10/01/2021 22:00,2.93
10/01/2021 22:15,2.93
10/01/2021 22:30,2.93
10/01/2021 22:45,2.929
10/01/2021 23:00,2.929
10/01/2021 23:15,2.928
10/01/2021 23:30,2.928
10/01/2021 23:45,2.929
11/01/2021 00:00,2.928
11/01/2021 00:15,2.927
11/01/2021 00:30,2.927
11/01/2021 00:45,2.924
11/01/2021 01:00,2.922
11/01/2021 01:15,2.925
11/01/2021 01:30,2.923
11/01/2021 01:45,2.923
11/01/2021 02:00,2.922
11/01/2021 02:15,2.922
11/01/2021 02:30,2.923
11/01/2021 02:45,2.92
11/01/2021 03:00,2.921
11/01/2021 03:15,2.921
11/01/2021 03:30,2.92
11/01/2021 03:45,2.918
11/01/2021 04:00,2.92
11/01/2021 04:15,2.92
11/01/2021 04:30,2.921
11/01/2021 04:45,2.918
11/01/2021 05:00,2.918
11/01/2021 05:15,2.918
11/01/2021 05:30,2.916
11/01/2021 05:45,2.916
11/01/2021 06:00,2.917
11/01/2021 06:15,2.917
11/01/2021 06:30,2.915
11/01/2021 06:45,2.915
11/01/2021 07:00,2.915
11/01/2021 07:15,2.916
11/01/2021 07:30,2.913
11/01/2021 07:45,2.912
11/01/2021 08:00,2.914
11/01/2021 08:15,2.914
11/01/2021 08:30,2.911
11/01/2021 08:45,2.911
11/01/2021 09:00,2.91
11/01/2021 09:15,2.909
11/01/2021 09:30,2.91
11/01/2021 09:45,2.909
11/01/2021 10:00,2.906
11/01/2021 10:15,2.906
11/01/2021 10:30,2.908
11/01/2021 10:45,2.908
11/01/2021 11:00,2.905
11/01/2021 11:15,2.905
11/01/2021 11:30,2.906
11/01/2021 11:45,2.906
11/01/2021 12:00,2.905
11/01/2021 12:15,2.905
11/01/2021 12:30,2.905
11/01/2021 12:45,2.905
11/01/2021 13:00,2.905
11/01/2021 13:15,2.906
11/01/2021 13:30,2.905
11/01/2021 13:45,2.906
11/01/2021 14:00,2.906
11/01/2021 14:15,2.906
11/01/2021 14:30,2.904
11/01/2021 14:45,2.906
11/01/2021 15:00,2.905
11/01/2021 15:15,2.905
11/01/2021 15:30,2.907
11/01/2021 15:45,2.904
11/01/2021 16:00,2.906
11/01/2021 16:15,2.906
11/01/2021 16:30,2.905
11/01/2021 16:45,2.904
11/01/2021 17:00,2.904
11/01/2021 17:15,2.905
11/01/2021 17:30,2.904
11/01/2021 17:45,2.905
11/01/2021 18:00,2.904
11/01/2021 18:15,2.903
11/01/2021 18:30,2.902
11/01/2021 18:45,2.901
11/01/2021 19:00,2.902
11/01/2021 19:15,2.902
11/01/2021 19:30,2.903
11/01/2021 19:45,2.902
11/01/2021 20:00,2.901
11/01/2021 20:15,2.903
11/01/2021 20:30,2.901
11/01/2021 20:45,2.901
11/01/2021 21:00,2.902
11/01/2021 21:15,2.903
11/01/2021 21:30,2.904
11/01/2021 21:45,2.904
11/01/2021 22:00,2.904
11/01/2021 22:15,2.905
11/01/2021 22:30,2.903
11/01/2021 22:45,2.903
11/01/2021 23:00,2.903
11/01/2021 23:15,2.904
11/01/2021 23:30,2.904
11/01/2021 23:45,2.904
12/01/2021 00:00,2.905
12/01/2021 00:15,2.905
12/01/2021 00:30,2.906
12/01/2021 00:45,2.905
12/01/2021 01:00,2.905
12/01/2021 01:15,2.906
12/01/2021 01:30,2.905
12/01/2021 01:45,2.905
12/01/2021 02:00,2.904
12/01/2021 02:15,2.904
12/01/2021 02:30,2.905
12/01/2021 02:45,2.906
12/01/2021 03:00,2.905
12/01/2021 03:15,2.905
12/01/2021 03:30,2.904
12/01/2021 03:45,2.904
12/01/2021 04:00,2.906
12/01/2021 04:15,2.905
12/01/2021 04:30,2.905
12/01/2021 04:45,2.906
12/01/2021 05:00,2.908
12/01/2021 05:15,2.908
12/01/2021 05:30,2.907
12/01/2021 05:45,2.909
12/01/2021 06:00,2.909
12/01/2021 06:15,2.91
12/01/2021 06:30,2.91
12/01/2021 06:45,2.91
12/01/2021 07:00,2.91
12/01/2021 07:15,2.911
12/01/2021 07:30,2.911
12/01/2021 07:45,2.913
12/01/2021 08:00,2.912
12/01/2021 08:15,2.914
12/01/2021 08:30,2.914
12/01/2021 08:45,2.915
12/01/2021 09:00,2.917
12/01/2021 09:15,2.916
12/01/2021 09:30,2.919
12/01/2021 09:45,2.919
12/01/2021 10:00,2.919
12/01/2021 10:15,2.919
12/01/2021 10:30,2.921
12/01/2021 10:45,2.921
12/01/2021 11:00,2.921
12/01/2021 11:15,2.924
12/01/2021 11:30,2.923
12/01/2021 11:45,2.923
12/01/2021 12:00,2.925
12/01/2021 12:15,2.926
12/01/2021 12:30,2.926
12/01/2021 12:45,2.928
12/01/2021 13:00,2.928
12/01/2021 13:15,2.93
12/01/2021 13:30,2.931
12/01/2021 13:45,2.932
12/01/2021 14:00,2.933
12/01/2021 14:15,2.934
12/01/2021 14:30,2.935
12/01/2021 14:45,2.937
12/01/2021 15:00,2.938
12/01/2021 15:15,2.939
12/01/2021 15:30,2.941
12/01/2021 15:45,2.943
12/01/2021 16:00,2.943
12/01/2021 16:15,2.943
12/01/2021 16:30,2.946
12/01/2021 16:45,2.948
12/01/2021 17:00,2.949
12/01/2021 17:15,2.95
12/01/2021 17:30,2.951
12/01/2021 17:45,2.952
12/01/2021 18:00,2.955
12/01/2021 18:15,2.955
12/01/2021 18:30,2.958
12/01/2021 18:45,2.959
12/01/2021 19:00,2.96
12/01/2021 19:15,2.961
12/01/2021 19:30,2.963
12/01/2021 19:45,2.964
12/01/2021 20:00,2.966
12/01/2021 20:15,2.968
12/01/2021 20:30,2.968
12/01/2021 20:45,2.97
12/01/2021 21:00,2.971
12/01/2021 21:15,2.974
12/01/2021 21:30,2.974
12/01/2021 21:45,2.977
12/01/2021 22:00,2.978
12/01/2021 22:15,2.98
12/01/2021 22:30,2.982
12/01/2021 22:45,2.983
12/01/2021 23:00,2.986
12/01/2021 23:15,2.987
12/01/2021 23:30,2.989
12/01/2021 23:45,2.991
13/01/2021 00:00,2.992
13/01/2021 00:15,2.994
13/01/2021 00:30,2.996
13/01/2021 00:45,2.997
13/01/2021 01:00,3
13/01/2021 01:15,3
13/01/2021 01:30,3.001
13/01/2021 01:45,3.004
13/01/2021 02:00,3.004
13/01/2021 02:15,3.007
13/01/2021 02:30,3.009
13/01/2021 02:45,3.011
13/01/2021 03:00,3.011
13/01/2021 03:15,3.014
13/01/2021 03:30,3.016
13/01/2021 03:45,3.018
13/01/2021 04:00,3.019
13/01/2021 04:15,3.021
13/01/2021 04:30,3.023
13/01/2021 04:45,3.025
13/01/2021 05:00,3.027
13/01/2021 05:15,3.027
13/01/2021 05:30,3.029
13/01/2021 05:45,3.032
13/01/2021 06:00,3.034
13/01/2021 06:15,3.036
13/01/2021 06:30,3.038
13/01/2021 06:45,3.039
13/01/2021 07:00,3.041
13/01/2021 07:15,3.042
13/01/2021 07:30,3.044
13/01/2021 07:45,3.046
13/01/2021 08:00,3.047
13/01/2021 08:15,3.048
13/01/2021 08:30,3.049
13/01/2021 08:45,3.051
13/01/2021 09:00,3.053
13/01/2021 09:15,3.053
13/01/2021 09:30,3.055
13/01/2021 09:45,3.057
13/01/2021 10:00,3.058
13/01/2021 10:15,3.058
13/01/2021 10:30,3.058
13/01/2021 10:45,3.06
13/01/2021 11:00,3.062
13/01/2021 11:15,3.062
13/01/2021 11:30,3.065
13/01/2021 11:45,3.066
13/01/2021 12:00,3.066
13/01/2021 12:15,3.067
13/01/2021 12:30,3.07
13/01/2021 12:45,3.07
13/01/2021 13:00,3.072
13/01/2021 13:15,3.073
13/01/2021 13:30,3.074
13/01/2021 13:45,3.076
13/01/2021 14:00,3.077
13/01/2021 14:15,3.079
13/01/2021 14:30,3.079
13/01/2021 14:45,3.081
13/01/2021 15:00,3.082
13/01/2021 15:15,3.083
13/01/2021 15:30,3.084
13/01/2021 15:45,3.085
13/01/2021 16:00,3.087
13/01/2021 16:15,3.088
13/01/2021 16:30,3.091
13/01/2021 16:45,3.091
13/01/2021 17:00,3.092
13/01/2021 17:15,3.093
13/01/2021 17:30,3.096
13/01/2021 17:45,3.097
13/01/2021 18:00,3.098
13/01/2021 18:15,3.1
13/01/2021 18:30,3.101
13/01/2021 18:45,3.102
13/01/2021 19:00,3.104
13/01/2021 19:15,3.106
13/01/2021 19:30,3.107
13/01/2021 19:45,3.108
13/01/2021 20:00,3.111
13/01/2021 20:15,3.111
13/01/2021 20:30,3.112
13/01/2021 20:45,3.115
13/01/2021 21:00,3.116
13/01/2021 21:15,3.118
13/01/2021 21:30,3.121
13/01/2021 21:45,3.122
13/01/2021 22:00,3.123
13/01/2021 22:15,3.126
13/01/2021 22:30,3.126
13/01/2021 22:45,3.128
13/01/2021 23:00,3.13
13/01/2021 23:15,3.132
13/01/2021 23:30,3.133
13/01/2021 23:45,3.135
14/01/2021 00:00,3.137
14/01/2021 00:15,3.138
14/01/2021 00:30,3.14
14/01/2021 00:45,3.141
14/01/2021 01:00,3.143
14/01/2021 01:15,3.143
14/01/2021 01:30,3.145
14/01/2021 01:45,3.147
14/01/2021 02:00,3.148
14/01/2021 02:15,3.151
14/01/2021 02:30,3.151
14/01/2021 02:45,3.154
14/01/2021 03:00,3.155
14/01/2021 03:15,3.156
14/01/2021 03:30,3.158
14/01/2021 03:45,3.159
14/01/2021 04:00,3.159
14/01/2021 04:15,3.161
14/01/2021 04:30,3.162
14/01/2021 04:45,3.164
14/01/2021 05:00,3.165
14/01/2021 05:15,3.166
14/01/2021 05:30,3.168
14/01/2021 05:45,3.167
14/01/2021 06:00,3.169
14/01/2021 06:15,3.17
14/01/2021 06:30,3.172
14/01/2021 06:45,3.175
14/01/2021 07:00,3.175
14/01/2021 07:15,3.176
14/01/2021 07:30,3.177
14/01/2021 07:45,3.179
14/01/2021 08:00,3.179
14/01/2021 08:15,3.18
14/01/2021 08:30,3.181
14/01/2021 08:45,3.183
14/01/2021 09:00,3.184
14/01/2021 09:15,3.185
14/01/2021 09:30,3.185
14/01/2021 09:45,3.185
14/01/2021 10:00,3.187
14/01/2021 10:15,3.188
14/01/2021 10:30,3.189
14/01/2021 10:45,3.19
14/01/2021 11:00,3.191
14/01/2021 11:15,3.192
14/01/2021 11:30,3.195
14/01/2021 11:45,3.196
14/01/2021 12:00,3.196
14/01/2021 12:15,3.198
14/01/2021 12:30,3.199
14/01/2021 12:45,3.198
14/01/2021 13:00,3.2
14/01/2021 13:15,3.201
14/01/2021 13:30,3.202
14/01/2021 13:45,3.203
14/01/2021 14:00,3.203
14/01/2021 14:15,3.204
14/01/2021 14:30,3.205
14/01/2021 14:45,3.206
14/01/2021 15:00,3.208
14/01/2021 15:15,3.208
14/01/2021 15:30,3.209
14/01/2021 15:45,3.21
14/01/2021 16:00,3.209
14/01/2021 16:15,3.212
14/01/2021 16:30,3.212
14/01/2021 16:45,3.212
14/01/2021 17:00,3.213
14/01/2021 17:15,3.215
14/01/2021 17:30,3.215
14/01/2021 17:45,3.215
14/01/2021 18:00,3.215
14/01/2021 18:15,3.217
14/01/2021 18:30,3.217
14/01/2021 18:45,3.217
14/01/2021 19:00,3.218
14/01/2021 19:15,3.219
14/01/2021 19:30,3.221
14/01/2021 19:45,3.22
14/01/2021 20:00,3.221
14/01/2021 20:15,3.221
14/01/2021 20:30,3.222
14/01/2021 20:45,3.223
14/01/2021 21:00,3.223
14/01/2021 21:15,3.223
14/01/2021 21:30,3.223
14/01/2021 21:45,3.225
14/01/2021 22:00,3.226
14/01/2021 22:15,3.226
14/01/2021 22:30,3.227
14/01/2021 22:45,3.227
14/01/2021 23:00,3.228
14/01/2021 23:15,3.229
14/01/2021 23:30,3.229
14/01/2021 23:45,3.23
15/01/2021 00:00,3.23
15/01/2021 00:15,3.23
15/01/2021 00:30,3.232
15/01/2021 00:45,3.23
15/01/2021 01:00,3.233
15/01/2021 01:15,3.232
15/01/2021 01:30,3.233
15/01/2021 01:45,3.233
15/01/2021 02:00,3.235
15/01/2021 02:15,3.235
15/01/2021 02:30,3.236
15/01/2021 02:45,3.235
15/01/2021 03:00,3.237
15/01/2021 03:15,3.237
15/01/2021 03:30,3.239
15/01/2021 03:45,3.238
15/01/2021 04:00,3.237
15/01/2021 04:15,3.239
15/01/2021 04:30,3.238
15/01/2021 04:45,3.239
15/01/2021 05:00,3.241
15/01/2021 05:15,3.24
15/01/2021 05:30,3.241
15/01/2021 05:45,3.243
15/01/2021 06:00,3.241
15/01/2021 06:15,3.244
15/01/2021 06:30,3.243
15/01/2021 06:45,3.243
15/01/2021 07:00,3.244
15/01/2021 07:15,3.244
15/01/2021 07:30,3.243
15/01/2021 07:45,3.243
15/01/2021 08:00,3.243
15/01/2021 08:15,3.244
15/01/2021 08:30,3.245
15/01/2021 08:45,3.244
15/01/2021 09:00,3.244
15/01/2021 09:15,3.246
15/01/2021 09:30,3.243
15/01/2021 09:45,3.244
15/01/2021 10:00,3.245
15/01/2021 10:15,3.245
15/01/2021 10:30,3.244
15/01/2021 10:45,3.244
15/01/2021 11:00,3.245
15/01/2021 11:15,3.243
15/01/2021 11:30,3.243
15/01/2021 11:45,3.243
15/01/2021 12:00,3.244
15/01/2021 12:15,3.244
15/01/2021 12:30,3.244
15/01/2021 12:45,3.244
15/01/2021 13:00,3.242
15/01/2021 13:15,3.243
15/01/2021 13:30,3.244
15/01/2021 13:45,3.245
15/01/2021 14:00,3.243
15/01/2021 14:15,3.244
15/01/2021 14:30,3.246
15/01/2021 14:45,3.244
15/01/2021 15:00,3.244
15/01/2021 15:15,3.243
15/01/2021 15:30,3.242
15/01/2021 15:45,3.241
15/01/2021 16:00,3.24
15/01/2021 16:15,3.241
15/01/2021 16:30,3.239
15/01/2021 16:45,3.238
15/01/2021 17:00,3.238
15/01/2021 17:15,3.24
15/01/2021 17:30,3.238
15/01/2021 17:45,3.238
15/01/2021 18:00,3.238
15/01/2021 18:15,3.239
15/01/2021 18:30,3.238
15/01/2021 18:45,3.237
15/01/2021 19:00,3.235
15/01/2021 19:15,3.236
15/01/2021 19:30,3.237
15/01/2021 19:45,3.238
15/01/2021 20:00,3.237
15/01/2021 20:15,3.238
15/01/2021 20:30,3.236
15/01/2021 20:45,3.236
15/01/2021 21:00,3.235
15/01/2021 21:15,3.234
15/01/2021 21:30,3.234
15/01/2021 21:45,3.236
15/01/2021 22:00,3.236
15/01/2021 22:15,3.237
15/01/2021 22:30,3.237
15/01/2021 22:45,3.239
15/01/2021 23:00,3.24
15/01/2021 23:15,3.241
15/01/2021 23:30,3.243
15/01/2021 23:45,3.241
16/01/2021 00:00,3.243
16/01/2021 00:15,3.244
16/01/2021 00:30,3.245
16/01/2021 00:45,3.247
16/01/2021 01:00,3.249
16/01/2021 01:15,3.251
16/01/2021 01:30,3.255
16/01/2021 01:45,3.255
16/01/2021 02:00,3.253
16/01/2021 02:15,3.254
16/01/2021 02:30,3.256
16/01/2021 02:45,3.257
16/01/2021 03:00,3.261
16/01/2021 03:15,3.259
16/01/2021 03:30,3.26
16/01/2021 03:45,3.26
16/01/2021 04:00,3.261
16/01/2021 04:15,3.261
16/01/2021 04:30,3.262
16/01/2021 04:45,3.262
16/01/2021 05:00,3.263
16/01/2021 05:15,3.264
16/01/2021 05:30,3.264
16/01/2021 05:45,3.266
16/01/2021 06:00,3.264
16/01/2021 06:15,3.265
16/01/2021 06:30,3.266
16/01/2021 06:45,3.266
16/01/2021 07:00,3.266
16/01/2021 07:15,3.267
16/01/2021 07:30,3.267
16/01/2021 07:45,3.269
16/01/2021 08:00,3.269
16/01/2021 08:15,3.271
16/01/2021 08:30,3.271
16/01/2021 08:45,3.27
16/01/2021 09:00,3.271
16/01/2021 09:15,3.272
16/01/2021 09:30,3.272
16/01/2021 09:45,3.271
16/01/2021 10:00,3.273
16/01/2021 10:15,3.274
16/01/2021 10:30,3.275
16/01/2021 10:45,3.275
16/01/2021 11:00,3.275
16/01/2021 11:15,3.277
16/01/2021 11:30,3.278
16/01/2021 11:45,3.278
16/01/2021 12:00,3.279
16/01/2021 12:15,3.28
16/01/2021 12:30,3.28
16/01/2021 12:45,3.282
16/01/2021 13:00,3.283
16/01/2021 13:15,3.284
16/01/2021 13:30,3.286
16/01/2021 13:45,3.286
16/01/2021 14:00,3.287
16/01/2021 14:15,3.287
16/01/2021 14:30,3.289
16/01/2021 14:45,3.289
16/01/2021 15:00,3.291
16/01/2021 15:15,3.292
16/01/2021 15:30,3.292
16/01/2021 15:45,3.291
16/01/2021 16:00,3.292
16/01/2021 16:15,3.293
16/01/2021 16:30,3.295
16/01/2021 16:45,3.295
16/01/2021 17:00,3.295
16/01/2021 17:15,3.295
16/01/2021 17:30,3.297
16/01/2021 17:45,3.297
16/01/2021 18:00,3.3
16/01/2021 18:15,3.3
16/01/2021 18:30,3.301
16/01/2021 18:45,3.299
16/01/2021 19:00,3.301
16/01/2021 19:15,3.301
16/01/2021 19:30,3.302
16/01/2021 19:45,3.302
16/01/2021 20:00,3.303
16/01/2021 20:15,3.303
16/01/2021 20:30,3.306
16/01/2021 20:45,3.307
16/01/2021 21:00,3.308
16/01/2021 21:15,3.308
16/01/2021 21:30,3.308
16/01/2021 21:45,3.31
16/01/2021 22:00,3.31
16/01/2021 22:15,3.31
16/01/2021 22:30,3.313
16/01/2021 22:45,3.313
16/01/2021 23:00,3.314
16/01/2021 23:15,3.316
16/01/2021 23:30,3.315
16/01/2021 23:45,3.315
17/01/2021 00:00,3.317
17/01/2021 00:15,3.317
17/01/2021 00:30,3.318
17/01/2021 00:45,3.318
17/01/2021 01:00,3.319
17/01/2021 01:15,3.319
17/01/2021 01:30,3.319
17/01/2021 01:45,3.319
17/01/2021 02:00,3.321
17/01/2021 02:15,3.322
17/01/2021 02:30,3.321
17/01/2021 02:45,3.323
17/01/2021 03:00,3.322
17/01/2021 03:15,3.323
17/01/2021 03:30,3.325
17/01/2021 03:45,3.326
17/01/2021 04:00,3.325
17/01/2021 04:15,3.325
17/01/2021 04:30,3.326
17/01/2021 04:45,3.326
17/01/2021 05:00,3.328
17/01/2021 05:15,3.329
17/01/2021 05:30,3.327
17/01/2021 05:45,3.329
17/01/2021 06:00,3.329
17/01/2021 06:15,3.329
17/01/2021 06:30,3.329
17/01/2021 06:45,3.33
17/01/2021 07:00,3.329
17/01/2021 07:15,3.33
17/01/2021 07:30,3.33
17/01/2021 07:45,3.33
17/01/2021 08:00,3.333
17/01/2021 08:15,3.331
17/01/2021 08:30,3.331
17/01/2021 08:45,3.333
17/01/2021 09:00,3.333
17/01/2021 09:15,3.333
17/01/2021 09:30,3.333
17/01/2021 09:45,3.334
17/01/2021 10:00,3.333
17/01/2021 10:15,3.334
17/01/2021 10:30,3.334
17/01/2021 10:45,3.335
17/01/2021 11:00,3.334
17/01/2021 11:15,3.333
17/01/2021 11:30,3.334
17/01/2021 11:45,3.335
17/01/2021 12:00,3.336
17/01/2021 12:15,3.336
17/01/2021 12:30,3.336
17/01/2021 12:45,3.336
17/01/2021 13:00,3.337
17/01/2021 13:15,3.337
17/01/2021 13:30,3.337
17/01/2021 13:45,3.337
17/01/2021 14:00,3.338
17/01/2021 14:15,3.338
17/01/2021 14:30,3.337
17/01/2021 14:45,3.338
17/01/2021 15:00,3.337
17/01/2021 15:15,3.337
17/01/2021 15:30,3.339
17/01/2021 15:45,3.338
17/01/2021 16:00,3.337
17/01/2021 16:15,3.339
17/01/2021 16:30,3.339
17/01/2021 16:45,3.339
17/01/2021 17:00,3.34
17/01/2021 17:15,3.341
17/01/2021 17:30,3.34
17/01/2021 17:45,3.34
17/01/2021 18:00,3.34
17/01/2021 18:15,3.34
17/01/2021 18:30,3.341
17/01/2021 18:45,3.34
17/01/2021 19:00,3.341
17/01/2021 19:15,3.34
17/01/2021 19:30,3.341
17/01/2021 19:45,3.34
17/01/2021 20:00,3.34
17/01/2021 20:15,3.341
17/01/2021 20:30,3.341
17/01/2021 20:45,3.339
17/01/2021 21:00,3.34
17/01/2021 21:15,3.341
17/01/2021 21:30,3.34
17/01/2021 21:45,3.342
17/01/2021 22:00,3.34
17/01/2021 22:15,3.341
17/01/2021 22:30,3.341
17/01/2021 22:45,3.34
17/01/2021 23:00,3.34
17/01/2021 23:15,3.341
17/01/2021 23:30,3.341
17/01/2021 23:45,3.341
18/01/2021 00:00,3.343
18/01/2021 00:15,3.341
18/01/2021 00:30,3.34
18/01/2021 00:45,3.342
18/01/2021 01:00,3.34
18/01/2021 01:15,3.341
18/01/2021 01:30,3.341
18/01/2021 01:45,3.342
18/01/2021 02:00,3.342
18/01/2021 02:15,3.34
18/01/2021 02:30,3.342
18/01/2021 02:45,3.341
18/01/2021 03:00,3.341
18/01/2021 03:15,3.341
18/01/2021 03:30,3.34
18/01/2021 03:45,3.342
18/01/2021 04:00,3.342
18/01/2021 04:15,3.341
18/01/2021 04:30,3.341
18/01/2021 04:45,3.342
18/01/2021 05:00,3.341
18/01/2021 05:15,3.342
18/01/2021 05:30,3.343
18/01/2021 05:45,3.341
18/01/2021 06:00,3.342
18/01/2021 06:15,3.342
18/01/2021 06:30,3.341
18/01/2021 06:45,3.341
18/01/2021 07:00,3.341
18/01/2021 07:15,3.34
18/01/2021 07:30,3.34
18/01/2021 07:45,3.34
18/01/2021 08:00,3.34
18/01/2021 08:15,3.341
18/01/2021 08:30,3.341
18/01/2021 08:45,3.342
18/01/2021 09:00,3.341
18/01/2021 09:15,3.341
18/01/2021 09:30,3.341
18/01/2021 09:45,3.34
18/01/2021 10:00,3.34
18/01/2021 10:15,3.341
18/01/2021 10:30,3.341
18/01/2021 10:45,3.34
18/01/2021 11:00,3.34
18/01/2021 11:15,3.339
18/01/2021 11:30,3.341
18/01/2021 11:45,3.34
18/01/2021 12:00,3.341
18/01/2021 12:15,3.341
18/01/2021 12:30,3.341
18/01/2021 12:45,3.34
18/01/2021 13:00,3.341
18/01/2021 13:15,3.341
18/01/2021 13:30,3.339
18/01/2021 13:45,3.339
18/01/2021 14:00,3.34
18/01/2021 14:15,3.341
18/01/2021 14:30,3.34
18/01/2021 14:45,3.341
18/01/2021 15:00,3.341
18/01/2021 15:15,3.34
18/01/2021 15:30,3.34
18/01/2021 15:45,3.339
18/01/2021 16:00,3.341
18/01/2021 16:15,3.34
18/01/2021 16:30,3.34
18/01/2021 16:45,3.341
18/01/2021 17:00,3.34
18/01/2021 17:15,3.341
18/01/2021 17:30,3.341
18/01/2021 17:45,3.34
18/01/2021 18:00,3.34
18/01/2021 18:15,3.341
18/01/2021 18:30,3.341
18/01/2021 18:45,3.341
18/01/2021 19:00,3.34
18/01/2021 19:15,3.341
18/01/2021 19:30,3.34
18/01/2021 19:45,3.343
18/01/2021 20:00,3.342
18/01/2021 20:15,3.343
18/01/2021 20:30,3.342
18/01/2021 20:45,3.344
18/01/2021 21:00,3.345
18/01/2021 21:15,3.343
18/01/2021 21:30,3.344
18/01/2021 21:45,3.344
18/01/2021 22:00,3.344
18/01/2021 22:15,3.345
18/01/2021 22:30,3.345
18/01/2021 22:45,3.346
18/01/2021 23:00,3.347
18/01/2021 23:15,3.346
18/01/2021 23:30,3.349
18/01/2021 23:45,3.348
19/01/2021 00:00,3.351
19/01/2021 00:15,3.349
19/01/2021 00:30,3.35
19/01/2021 00:45,3.351
19/01/2021 01:00,3.351
19/01/2021 01:15,3.352
19/01/2021 01:30,3.351
19/01/2021 01:45,3.352
19/01/2021 02:00,3.354
19/01/2021 02:15,3.353
19/01/2021 02:30,3.354
19/01/2021 02:45,3.355
19/01/2021 03:00,3.355
19/01/2021 03:15,3.354
19/01/2021 03:30,3.356
19/01/2021 03:45,3.356
19/01/2021 04:00,3.357
19/01/2021 04:15,3.358
19/01/2021 04:30,3.359
19/01/2021 04:45,3.359
19/01/2021 05:00,3.359
19/01/2021 05:15,3.359
19/01/2021 05:30,3.359
19/01/2021 05:45,3.359
19/01/2021 06:00,3.359
19/01/2021 06:15,3.358
19/01/2021 06:30,3.358
19/01/2021 06:45,3.36
19/01/2021 07:00,3.359
19/01/2021 07:15,3.359
19/01/2021 07:30,3.361
19/01/2021 07:45,3.359
19/01/2021 08:00,3.362
19/01/2021 08:15,3.361
19/01/2021 08:30,3.362
19/01/2021 08:45,3.362
19/01/2021 09:00,3.363
19/01/2021 09:15,3.363
19/01/2021 09:30,3.364
19/01/2021 09:45,3.364
19/01/2021 10:00,3.364
19/01/2021 10:15,3.366
19/01/2021 10:30,3.365
19/01/2021 10:45,3.366
19/01/2021 11:00,3.367
19/01/2021 11:15,3.366
19/01/2021 11:30,3.366
19/01/2021 11:45,3.367
19/01/2021 12:00,3.368
19/01/2021 12:15,3.37
19/01/2021 12:30,3.368
19/01/2021 12:45,3.369
19/01/2021 13:00,3.371
19/01/2021 13:15,3.372
19/01/2021 13:30,3.373
19/01/2021 13:45,3.373
19/01/2021 14:00,3.374
19/01/2021 14:15,3.375
19/01/2021 14:30,3.376
19/01/2021 14:45,3.378
19/01/2021 15:00,3.379
19/01/2021 15:15,3.379
19/01/2021 15:30,3.38
19/01/2021 15:45,3.383
19/01/2021 16:00,3.384
19/01/2021 16:15,3.385
19/01/2021 16:30,3.386
19/01/2021 16:45,3.389
19/01/2021 17:00,3.392
19/01/2021 17:15,3.392
19/01/2021 17:30,3.393
19/01/2021 17:45,3.395
19/01/2021 18:00,3.396
19/01/2021 18:15,3.398
19/01/2021 18:30,3.4
19/01/2021 18:45,3.402
19/01/2021 19:00,3.402
19/01/2021 19:15,3.405
19/01/2021 19:30,3.406
19/01/2021 19:45,3.407
19/01/2021 20:00,3.408
19/01/2021 20:15,3.411
19/01/2021 20:30,3.41
19/01/2021 20:45,3.413
19/01/2021 21:00,3.413
19/01/2021 21:15,3.415
19/01/2021 21:30,3.416
19/01/2021 21:45,3.416
19/01/2021 22:00,3.419
19/01/2021 22:15,3.421
19/01/2021 22:30,3.424
19/01/2021 22:45,3.424
19/01/2021 23:00,3.425
19/01/2021 23:15,3.43
19/01/2021 23:30,3.432
19/01/2021 23:45,3.433
20/01/2021 00:00,3.436
20/01/2021 00:15,3.438
20/01/2021 00:30,3.442
20/01/2021 00:45,3.444
20/01/2021 01:00,3.446
20/01/2021 01:15,3.448
20/01/2021 01:30,3.45
20/01/2021 01:45,3.449
20/01/2021 02:00,3.452
20/01/2021 02:15,3.454
20/01/2021 02:30,3.457
20/01/2021 02:45,3.46
20/01/2021 03:00,3.46
20/01/2021 03:15,3.463
20/01/2021 03:30,3.463
20/01/2021 03:45,3.466
20/01/2021 04:00,3.469
20/01/2021 04:15,3.47
20/01/2021 04:30,3.472
20/01/2021 04:45,3.472
20/01/2021 05:00,3.476
20/01/2021 05:15,3.479
20/01/2021 05:30,3.479
20/01/2021 05:45,3.482
20/01/2021 06:00,3.483
20/01/2021 06:15,3.485
20/01/2021 06:30,3.486
20/01/2021 06:45,3.489
20/01/2021 07:00,3.491
20/01/2021 07:15,3.492
20/01/2021 07:30,3.493
20/01/2021 07:45,3.495
20/01/2021 08:00,3.498
20/01/2021 08:15,3.498
20/01/2021 08:30,3.5
20/01/2021 08:45,3.501
20/01/2021 09:00,3.502
20/01/2021 09:15,3.505
20/01/2021 09:30,3.507
20/01/2021 09:45,3.507
20/01/2021 10:00,3.511
20/01/2021 10:15,3.511
20/01/2021 10:30,3.513
20/01/2021 10:45,3.514
20/01/2021 11:00,3.515
20/01/2021 11:15,3.518
20/01/2021 11:30,3.519
20/01/2021 11:45,3.52
20/01/2021 12:00,3.523
20/01/2021 12:15,3.525
20/01/2021 12:30,3.526
20/01/2021 12:45,3.527
20/01/2021 13:00,3.529
20/01/2021 13:15,3.532
20/01/2021 13:30,3.533
20/01/2021 13:45,3.534
20/01/2021 14:00,3.536
20/01/2021 14:15,3.538
20/01/2021 14:30,3.539
20/01/2021 14:45,3.542
20/01/2021 15:00,3.541
20/01/2021 15:15,3.544
20/01/2021 15:30,3.546
20/01/2021 15:45,3.546
20/01/2021 16:00,3.549
20/01/2021 16:15,3.551
20/01/2021 16:30,3.552
20/01/2021 16:45,3.553
20/01/2021 17:00,3.554
20/01/2021 17:15,3.556
20/01/2021 17:30,3.559
20/01/2021 17:45,3.559
20/01/2021 18:00,3.56
20/01/2021 18:15,3.561
20/01/2021 18:30,3.564
20/01/2021 18:45,3.565
20/01/2021 19:00,3.566
20/01/2021 19:15,3.568
20/01/2021 19:30,3.569
20/01/2021 19:45,3.57
20/01/2021 20:00,3.572
20/01/2021 20:15,3.573
20/01/2021 20:30,3.575
20/01/2021 20:45,3.576
20/01/2021 21:00,3.579
20/01/2021 21:15,3.579
20/01/2021 21:30,3.58
20/01/2021 21:45,3.582
20/01/2021 22:00,3.582
20/01/2021 22:15,3.583
20/01/2021 22:30,3.585
20/01/2021 22:45,3.586
20/01/2021 23:00,3.588
20/01/2021 23:15,3.588
20/01/2021 23:30,3.589
20/01/2021 23:45,3.59
21/01/2021 00:00,3.593
21/01/2021 00:15,3.592
21/01/2021 00:30,3.593
21/01/2021 00:45,3.596
21/01/2021 01:00,3.596
21/01/2021 01:15,3.598
21/01/2021 01:30,3.599
21/01/2021 01:45,3.6
21/01/2021 02:00,3.601
21/01/2021 02:15,3.602
21/01/2021 02:30,3.603
21/01/2021 02:45,3.604
21/01/2021 03:00,3.604
21/01/2021 03:15,3.606
21/01/2021 03:30,3.606
21/01/2021 03:45,3.608
21/01/2021 04:00,3.609
21/01/2021 04:15,3.611
21/01/2021 04:30,3.611
21/01/2021 04:45,3.613
21/01/2021 05:00,3.613
21/01/2021 05:15,3.613
21/01/2021 05:30,3.615
21/01/2021 05:45,3.616
21/01/2021 06:00,3.616
21/01/2021 06:15,3.615
21/01/2021 06:30,3.616
21/01/2021 06:45,3.618
21/01/2021 07:00,3.619
21/01/2021 07:15,3.62
21/01/2021 07:30,3.621
21/01/2021 07:45,3.62
21/01/2021 08:00,3.622
21/01/2021 08:15,3.624
21/01/2021 08:30,3.624
21/01/2021 08:45,3.625
21/01/2021 09:00,3.626
21/01/2021 09:15,3.627
21/01/2021 09:30,3.627
21/01/2021 09:45,3.63
21/01/2021 10:00,3.63
21/01/2021 10:15,3.632
21/01/2021 10:30,3.631
21/01/2021 10:45,3.633
21/01/2021 11:00,3.634
21/01/2021 11:15,3.635
21/01/2021 11:30,3.635
21/01/2021 11:45,3.636
21/01/2021 12:00,3.637
21/01/2021 12:15,3.639
21/01/2021 12:30,3.64
21/01/2021 12:45,3.639
21/01/2021 13:00,3.641
21/01/2021 13:15,3.641
21/01/2021 13:30,3.642
21/01/2021 13:45,3.642
21/01/2021 14:00,3.642
21/01/2021 14:15,3.645
21/01/2021 14:30,3.644
21/01/2021 14:45,3.645
21/01/2021 15:00,3.645
21/01/2021 15:15,3.644
21/01/2021 15:30,3.646
21/01/2021 15:45,3.648
21/01/2021 16:00,3.648
21/01/2021 16:15,3.649
21/01/2021 16:30,3.648
21/01/2021 16:45,3.649
21/01/2021 17:00,3.65
21/01/2021 17:15,3.651
21/01/2021 17:30,3.651
21/01/2021 17:45,3.65
21/01/2021 18:00,3.651
21/01/2021 18:15,3.651
21/01/2021 18:30,3.652
21/01/2021 18:45,3.654
21/01/2021 19:00,3.653
21/01/2021 19:15,3.654
21/01/2021 19:30,3.653
21/01/2021 19:45,3.653
21/01/2021 20:00,3.654
21/01/2021 20:15,3.653
21/01/2021 20:30,3.657
21/01/2021 20:45,3.657
21/01/2021 21:00,3.657
21/01/2021 21:15,3.657
21/01/2021 21:30,3.657
21/01/2021 21:45,3.658
21/01/2021 22:00,3.659
21/01/2021 22:15,3.658
21/01/2021 22:30,3.66
21/01/2021 22:45,3.659
21/01/2021 23:00,3.66
21/01/2021 23:15,3.659
21/01/2021 23:30,3.66
21/01/2021 23:45,3.66
22/01/2021 00:00,3.66
22/01/2021 00:15,3.662
22/01/2021 00:30,3.662
22/01/2021 00:45,3.662
22/01/2021 01:00,3.661
22/01/2021 01:15,3.663
22/01/2021 01:30,3.663
22/01/2021 01:45,3.663
22/01/2021 02:00,3.664
22/01/2021 02:15,3.663
22/01/2021 02:30,3.663
22/01/2021 02:45,3.664
22/01/2021 03:00,3.664
22/01/2021 03:15,3.666
22/01/2021 03:30,3.665
22/01/2021 03:45,3.664
22/01/2021 04:00,3.665
22/01/2021 04:15,3.666
22/01/2021 04:30,3.664
22/01/2021 04:45,3.667
22/01/2021 05:00,3.667
22/01/2021 05:15,3.667
22/01/2021 05:30,3.666
22/01/2021 05:45,3.668
22/01/2021 06:00,3.667
22/01/2021 06:15,3.669
22/01/2021 06:30,3.669
22/01/2021 06:45,3.668
22/01/2021 07:00,3.669
22/01/2021 07:15,3.668
22/01/2021 07:30,3.669
22/01/2021 07:45,3.667
22/01/2021 08:00,3.669
22/01/2021 08:15,3.669
22/01/2021 08:30,3.668
22/01/2021 08:45,3.669
22/01/2021 09:00,3.669
22/01/2021 09:15,3.669
22/01/2021 09:30,3.67
22/01/2021 09:45,3.669
22/01/2021 10:00,3.669
22/01/2021 10:15,3.669
22/01/2021 10:30,3.67
22/01/2021 10:45,3.67
22/01/2021 11:00,3.671
22/01/2021 11:15,3.67
22/01/2021 11:30,3.671
22/01/2021 11:45,3.672
22/01/2021 12:00,3.671
22/01/2021 12:15,3.673
22/01/2021 12:30,3.672
22/01/2021 12:45,3.674
22/01/2021 13:00,3.673
22/01/2021 13:15,3.673
22/01/2021 13:30,3.673
22/01/2021 13:45,3.674
22/01/2021 14:00,3.674
22/01/2021 14:15,3.674
22/01/2021 14:30,3.673
22/01/2021 14:45,3.673
22/01/2021 15:00,3.673
22/01/2021 15:15,3.673
22/01/2021 15:30,3.673
22/01/2021 15:45,3.675
22/01/2021 16:00,3.673
22/01/2021 16:15,3.674
22/01/2021 16:30,3.676
22/01/2021 16:45,3.673
22/01/2021 17:00,3.672
22/01/2021 17:15,3.672
22/01/2021 17:30,3.674
22/01/2021 17:45,3.674
22/01/2021 18:00,3.673
22/01/2021 18:15,3.673
22/01/2021 18:30,3.673
22/01/2021 18:45,3.673
22/01/2021 19:00,3.674
22/01/2021 19:15,3.673
22/01/2021 19:30,3.672
22/01/2021 19:45,3.675
22/01/2021 20:00,3.673
22/01/2021 20:15,3.674
22/01/2021 20:30,3.673
22/01/2021 20:45,3.674
22/01/2021 21:00,3.673
22/01/2021 21:15,3.673
22/01/2021 21:30,3.672
22/01/2021 21:45,3.672
22/01/2021 22:00,3.673
22/01/2021 22:15,3.672
22/01/2021 22:30,3.671
22/01/2021 22:45,3.674
22/01/2021 23:00,3.674
22/01/2021 23:15,3.672
22/01/2021 23:30,3.672
22/01/2021 23:45,3.673
23/01/2021 00:00,3.674
23/01/2021 00:15,3.673
23/01/2021 00:30,3.672
23/01/2021 00:45,3.673
23/01/2021 01:00,3.672
23/01/2021 01:15,3.671
23/01/2021 01:30,3.671
23/01/2021 01:45,3.671
23/01/2021 02:00,3.671
23/01/2021 02:15,3.671
23/01/2021 02:30,3.671
23/01/2021 02:45,3.67
23/01/2021 03:00,3.67
23/01/2021 03:15,3.67
23/01/2021 03:30,3.67
23/01/2021 03:45,3.669
23/01/2021 04:00,3.669
23/01/2021 04:15,3.669
23/01/2021 04:30,3.669
23/01/2021 04:45,3.67
23/01/2021 05:00,3.669
23/01/2021 05:15,3.668
23/01/2021 05:30,3.667
23/01/2021 05:45,3.668
23/01/2021 06:00,3.667
23/01/2021 06:15,3.666
23/01/2021 06:30,3.666
23/01/2021 06:45,3.666
23/01/2021 07:00,3.666
23/01/2021 07:15,3.667
23/01/2021 07:30,3.664
23/01/2021 07:45,3.665
23/01/2021 08:00,3.665
23/01/2021 08:15,3.664
23/01/2021 08:30,3.665
23/01/2021 08:45,3.663
23/01/2021 09:00,3.664
23/01/2021 09:15,3.662
23/01/2021 09:30,3.664
23/01/2021 09:45,3.662
23/01/2021 10:00,3.661
23/01/2021 10:15,3.66
23/01/2021 10:30,3.662
23/01/2021 10:45,3.661
23/01/2021 11:00,3.661
23/01/2021 11:15,3.66
23/01/2021 11:30,3.661
23/01/2021 11:45,3.659
23/01/2021 12:00,3.66
23/01/2021 12:15,3.66
23/01/2021 12:30,3.659
23/01/2021 12:45,3.658
23/01/2021 13:00,3.658
23/01/2021 13:15,3.656
23/01/2021 13:30,3.658
23/01/2021 13:45,3.656
23/01/2021 14:00,3.656
23/01/2021 14:15,3.655
23/01/2021 14:30,3.656
23/01/2021 14:45,3.656
23/01/2021 15:00,3.656
23/01/2021 15:15,3.653
23/01/2021 15:30,3.654
23/01/2021 15:45,3.653
23/01/2021 16:00,3.654
23/01/2021 16:15,3.653
23/01/2021 16:30,3.652
23/01/2021 16:45,3.652
23/01/2021 17:00,3.652
23/01/2021 17:15,3.652
23/01/2021 17:30,3.651
23/01/2021 17:45,3.65
23/01/2021 18:00,3.649
23/01/2021 18:15,3.65
23/01/2021 18:30,3.649
23/01/2021 18:45,3.648
23/01/2021 19:00,3.647
23/01/2021 19:15,3.648
23/01/2021 19:30,3.647
23/01/2021 19:45,3.645
23/01/2021 20:00,3.646
23/01/2021 20:15,3.647
23/01/2021 20:30,3.644
23/01/2021 20:45,3.644
23/01/2021 21:00,3.644
23/01/2021 21:15,3.643
23/01/2021 21:30,3.642
23/01/2021 21:45,3.642
23/01/2021 22:00,3.643
23/01/2021 22:15,3.643
23/01/2021 22:30,3.641
23/01/2021 22:45,3.64
23/01/2021 23:00,3.64
23/01/2021 23:15,3.639
23/01/2021 23:30,3.638
23/01/2021 23:45,3.639
24/01/2021 00:00,3.64
24/01/2021 00:15,3.639
24/01/2021 00:30,3.637
24/01/2021 00:45,3.637
24/01/2021 01:00,3.637
24/01/2021 01:15,3.637
24/01/2021 01:30,3.638
24/01/2021 01:45,3.636
24/01/2021 02:00,3.636
24/01/2021 02:15,3.639
24/01/2021 02:30,3.636
24/01/2021 02:45,3.637
24/01/2021 03:00,3.636
24/01/2021 03:15,3.635
24/01/2021 03:30,3.635
24/01/2021 03:45,3.635
24/01/2021 04:00,3.635
24/01/2021 04:15,3.634
24/01/2021 04:30,3.634
24/01/2021 04:45,3.634
24/01/2021 05:00,3.633
24/01/2021 05:15,3.633
24/01/2021 05:30,3.633
24/01/2021 05:45,3.632
24/01/2021 06:00,3.633
24/01/2021 06:15,3.633
24/01/2021 06:30,3.632
24/01/2021 06:45,3.633
24/01/2021 07:00,3.634
24/01/2021 07:15,3.632
24/01/2021 07:30,3.633
24/01/2021 07:45,3.631
24/01/2021 08:00,3.631
24/01/2021 08:15,3.631
24/01/2021 08:30,3.63
24/01/2021 08:45,3.631
24/01/2021 09:00,3.631
24/01/2021 09:15,3.63
24/01/2021 09:30,3.629
24/01/2021 09:45,3.631
24/01/2021 10:00,3.63
24/01/2021 10:15,3.631
24/01/2021 10:30,3.631
24/01/2021 10:45,3.63
24/01/2021 11:00,3.63
24/01/2021 11:15,3.629
24/01/2021 11:30,3.63
24/01/2021 11:45,3.63
24/01/2021 12:00,3.629
24/01/2021 12:15,3.629
24/01/2021 12:30,3.63
24/01/2021 12:45,3.629
24/01/2021 13:00,3.628
24/01/2021 13:15,3.627
24/01/2021 13:30,3.628
24/01/2021 13:45,3.627
24/01/2021 14:00,3.628
24/01/2021 14:15,3.628
24/01/2021 14:30,3.626
24/01/2021 14:45,3.627
24/01/2021 15:00,3.627
24/01/2021 15:15,3.626
24/01/2021 15:30,3.626
24/01/2021 15:45,3.625
24/01/2021 16:00,3.627
24/01/2021 16:15,3.626
24/01/2021 16:30,3.624
24/01/2021 16:45,3.625
24/01/2021 17:00,3.624
24/01/2021 17:15,3.624
24/01/2021 17:30,3.624
24/01/2021 17:45,3.623
24/01/2021 18:00,3.624
24/01/2021 18:15,3.624
24/01/2021 18:30,3.622
24/01/2021 18:45,3.623
24/01/2021 19:00,3.62
24/01/2021 19:15,3.62
24/01/2021 19:30,3.621
24/01/2021 19:45,3.62
24/01/2021 20:00,3.62
24/01/2021 20:15,3.621
24/01/2021 20:30,3.62
24/01/2021 20:45,3.619
24/01/2021 21:00,3.619
24/01/2021 21:15,3.619
24/01/2021 21:30,3.618
24/01/2021 21:45,3.617
24/01/2021 22:00,3.618
24/01/2021 22:15,3.615
24/01/2021 22:30,3.616
24/01/2021 22:45,3.615
24/01/2021 23:00,3.615
24/01/2021 23:15,3.614
24/01/2021 23:30,3.613
24/01/2021 23:45,3.613
25/01/2021 00:00,3.612
25/01/2021 00:15,3.612
25/01/2021 00:30,3.612
25/01/2021 00:45,3.611
25/01/2021 01:00,3.611
25/01/2021 01:15,3.611
25/01/2021 01:30,3.611
25/01/2021 01:45,3.61
25/01/2021 02:00,3.61
25/01/2021 02:15,3.609
25/01/2021 02:30,3.608
25/01/2021 02:45,3.608
25/01/2021 03:00,3.607
25/01/2021 03:15,3.606
25/01/2021 03:30,3.605
25/01/2021 03:45,3.605
25/01/2021 04:00,3.606
25/01/2021 04:15,3.604
25/01/2021 04:30,3.604
25/01/2021 04:45,3.605
25/01/2021 05:00,3.605
25/01/2021 05:15,3.604
25/01/2021 05:30,3.603
25/01/2021 05:45,3.604
25/01/2021 06:00,3.602
25/01/2021 06:15,3.602
25/01/2021 06:30,3.601
25/01/2021 06:45,3.601
25/01/2021 07:00,3.601
25/01/2021 07:15,3.599
25/01/2021 07:30,3.601
25/01/2021 07:45,3.599
25/01/2021 08:00,3.599
25/01/2021 08:15,3.599
25/01/2021 08:30,3.599
25/01/2021 08:45,3.597
25/01/2021 09:00,3.597
25/01/2021 09:15,3.596
25/01/2021 09:30,3.596
25/01/2021 09:45,3.595
25/01/2021 10:00,3.597
25/01/2021 10:15,3.595
25/01/2021 10:30,3.595
25/01/2021 10:45,3.594
25/01/2021 11:00,3.593
25/01/2021 11:15,3.594
25/01/2021 11:30,3.593
25/01/2021 11:45,3.592
25/01/2021 12:00,3.59
25/01/2021 12:15,3.591
25/01/2021 12:30,3.591
25/01/2021 12:45,3.589
25/01/2021 13:00,3.59
25/01/2021 13:15,3.59
25/01/2021 13:30,3.589
25/01/2021 13:45,3.588
25/01/2021 14:00,3.589
25/01/2021 14:15,3.589
25/01/2021 14:30,3.589
25/01/2021 14:45,3.588
25/01/2021 15:00,3.587
25/01/2021 15:15,3.587
25/01/2021 15:30,3.587
25/01/2021 15:45,3.586
25/01/2021 16:00,3.586
25/01/2021 16:15,3.585
25/01/2021 16:30,3.585
25/01/2021 16:45,3.583
25/01/2021 17:00,3.585
25/01/2021 17:15,3.585
25/01/2021 17:30,3.583
25/01/2021 17:45,3.583
25/01/2021 18:00,3.584
25/01/2021 18:15,3.581
25/01/2021 18:30,3.581
25/01/2021 18:45,3.581
25/01/2021 19:00,3.581
25/01/2021 19:15,3.58
25/01/2021 19:30,3.58
25/01/2021 19:45,3.58
25/01/2021 20:00,3.578
25/01/2021 20:15,3.578
25/01/2021 20:30,3.578
25/01/2021 20:45,3.577
25/01/2021 21:00,3.577
25/01/2021 21:15,3.576
25/01/2021 21:30,3.575
25/01/2021 21:45,3.575
25/01/2021 22:00,3.575
25/01/2021 22:15,3.575
25/01/2021 22:30,3.575
25/01/2021 22:45,3.574
25/01/2021 23:00,3.573
25/01/2021 23:15,3.573
25/01/2021 23:30,3.572
25/01/2021 23:45,3.571
26/01/2021 00:00,3.572
26/01/2021 00:15,3.571
26/01/2021 00:30,3.57
26/01/2021 00:45,3.57
26/01/2021 01:00,3.57
26/01/2021 01:15,3.57
26/01/2021 01:30,3.569
26/01/2021 01:45,3.568
26/01/2021 02:00,3.568
26/01/2021 02:15,3.568
26/01/2021 02:30,3.568
26/01/2021 02:45,3.568
26/01/2021 03:00,3.566
26/01/2021 03:15,3.566
26/01/2021 03:30,3.567
26/01/2021 03:45,3.566
26/01/2021 04:00,3.566
26/01/2021 04:15,3.566
26/01/2021 04:30,3.566
26/01/2021 04:45,3.565
26/01/2021 05:00,3.564
26/01/2021 05:15,3.563
26/01/2021 05:30,3.564
26/01/2021 05:45,3.563
26/01/2021 06:00,3.562
26/01/2021 06:15,3.563
26/01/2021 06:30,3.561
26/01/2021 06:45,3.562
26/01/2021 07:00,3.561
26/01/2021 07:15,3.56
26/01/2021 07:30,3.559
26/01/2021 07:45,3.558
26/01/2021 08:00,3.56
26/01/2021 08:15,3.558
26/01/2021 08:30,3.557
26/01/2021 08:45,3.555
26/01/2021 09:00,3.556
26/01/2021 09:15,3.555
26/01/2021 09:30,3.557
26/01/2021 09:45,3.555
26/01/2021 10:00,3.555
26/01/2021 10:15,3.554
26/01/2021 10:30,3.553
26/01/2021 10:45,3.552
26/01/2021 11:00,3.554
26/01/2021 11:15,3.552
26/01/2021 11:30,3.553
26/01/2021 11:45,3.552
26/01/2021 12:00,3.554
26/01/2021 12:15,3.553
26/01/2021 12:30,3.552
26/01/2021 12:45,3.553
26/01/2021 13:00,3.553
26/01/2021 13:15,3.554
26/01/2021 13:30,3.554
26/01/2021 13:45,3.555
26/01/2021 14:00,3.554
26/01/2021 14:15,3.552
26/01/2021 14:30,3.553
26/01/2021 14:45,3.552
26/01/2021 15:00,3.554
26/01/2021 15:15,3.552
26/01/2021 15:30,3.552
26/01/2021 15:45,3.551
26/01/2021 16:00,3.551
26/01/2021 16:15,3.55
26/01/2021 16:30,3.55
26/01/2021 16:45,3.55
26/01/2021 17:00,3.551
26/01/2021 17:15,3.551
26/01/2021 17:30,3.551
26/01/2021 17:45,3.552
26/01/2021 18:00,3.55
26/01/2021 18:15,3.551
26/01/2021 18:30,3.55
26/01/2021 18:45,3.549
26/01/2021 19:00,3.549
26/01/2021 19:15,3.549
26/01/2021 19:30,3.55
26/01/2021 19:45,3.549
26/01/2021 20:00,3.55
26/01/2021 20:15,3.549
26/01/2021 20:30,3.549
26/01/2021 20:45,3.548
26/01/2021 21:00,3.548
26/01/2021 21:15,3.547
26/01/2021 21:30,3.547
26/01/2021 21:45,3.546
26/01/2021 22:00,3.546
26/01/2021 22:15,3.547
26/01/2021 22:30,3.546
26/01/2021 22:45,3.547
26/01/2021 23:00,3.547
26/01/2021 23:15,3.547
26/01/2021 23:30,3.547
26/01/2021 23:45,3.547
27/01/2021 00:00,3.546
27/01/2021 00:15,3.547
27/01/2021 00:30,3.547
27/01/2021 00:45,3.546
27/01/2021 01:00,3.546
27/01/2021 01:15,3.545
27/01/2021 01:30,3.546
27/01/2021 01:45,3.545
27/01/2021 02:00,3.545
27/01/2021 02:15,3.544
27/01/2021 02:30,3.545
27/01/2021 02:45,3.545
27/01/2021 03:00,3.545
27/01/2021 03:15,3.544
27/01/2021 03:30,3.542
27/01/2021 03:45,3.543
27/01/2021 04:00,3.544
27/01/2021 04:15,3.543
27/01/2021 04:30,3.544
27/01/2021 04:45,3.544
27/01/2021 05:00,3.543
27/01/2021 05:15,3.544
27/01/2021 05:30,3.543
27/01/2021 05:45,3.543
27/01/2021 06:00,3.542
27/01/2021 06:15,3.542
27/01/2021 06:30,3.543
27/01/2021 06:45,3.542
27/01/2021 07:00,3.544
27/01/2021 07:15,3.541
27/01/2021 07:30,3.542
27/01/2021 07:45,3.542
27/01/2021 08:00,3.541
27/01/2021 08:15,3.541
27/01/2021 08:30,3.542
27/01/2021 08:45,3.542
27/01/2021 09:00,3.541
27/01/2021 09:15,3.541
27/01/2021 09:30,3.54
27/01/2021 09:45,3.54
27/01/2021 10:00,3.54
27/01/2021 10:15,3.54
27/01/2021 10:30,3.54
27/01/2021 10:45,3.541
27/01/2021 11:00,3.54
27/01/2021 11:15,3.54
27/01/2021 11:30,3.539
27/01/2021 11:45,3.539
27/01/2021 12:00,3.54
27/01/2021 12:15,3.539
27/01/2021 12:30,3.54
27/01/2021 12:45,3.538
27/01/2021 13:00,3.54
27/01/2021 13:15,3.538
27/01/2021 13:30,3.539
27/01/2021 13:45,3.538
27/01/2021 14:00,3.539
27/01/2021 14:15,3.539
27/01/2021 14:30,3.538
27/01/2021 14:45,3.539
27/01/2021 15:00,3.538
27/01/2021 15:15,3.537
27/01/2021 15:30,3.538
27/01/2021 15:45,3.538
27/01/2021 16:00,3.539
27/01/2021 16:15,3.538
27/01/2021 16:30,3.539
27/01/2021 16:45,3.539
27/01/2021 17:00,3.538
27/01/2021 17:15,3.538
27/01/2021 17:30,3.539
27/01/2021 17:45,3.538
27/01/2021 18:00,3.539
27/01/2021 18:15,3.54
27/01/2021 18:30,3.537
27/01/2021 18:45,3.541
27/01/2021 19:00,3.54
27/01/2021 19:15,3.538
27/01/2021 19:30,3.54
27/01/2021 19:45,3.541
27/01/2021 20:00,3.539
27/01/2021 20:15,3.539
27/01/2021 20:30,3.539
27/01/2021 20:45,3.539
27/01/2021 21:00,3.538
27/01/2021 21:15,3.538
27/01/2021 21:30,3.538
27/01/2021 21:45,3.538
27/01/2021 22:00,3.538
27/01/2021 22:15,3.539
27/01/2021 22:30,3.537
27/01/2021 22:45,3.536
27/01/2021 23:00,3.537
27/01/2021 23:15,3.537
27/01/2021 23:30,3.538
27/01/2021 23:45,3.538
28/01/2021 00:00,3.536
28/01/2021 00:15,3.538
28/01/2021 00:30,3.538
28/01/2021 00:45,3.537
28/01/2021 01:00,3.538
28/01/2021 01:15,3.538
28/01/2021 01:30,3.538
28/01/2021 01:45,3.537
28/01/2021 02:00,3.538
28/01/2021 02:15,3.54
28/01/2021 02:30,3.538
28/01/2021 02:45,3.541
28/01/2021 03:00,3.543
28/01/2021 03:15,3.542
28/01/2021 03:30,3.54
28/01/2021 03:45,3.539
28/01/2021 04:00,3.539
28/01/2021 04:15,3.538
28/01/2021 04:30,3.539
28/01/2021 04:45,3.538
28/01/2021 05:00,3.541
28/01/2021 05:15,3.539
28/01/2021 05:30,3.539
28/01/2021 05:45,3.538
28/01/2021 06:00,3.538
28/01/2021 06:15,3.539
28/01/2021 06:30,3.538
28/01/2021 06:45,3.539
28/01/2021 07:00,3.539
28/01/2021 07:15,3.539
28/01/2021 07:30,3.539
28/01/2021 07:45,3.538
28/01/2021 08:00,3.539
28/01/2021 08:15,3.54
28/01/2021 08:30,3.54
28/01/2021 08:45,3.541
28/01/2021 09:00,3.54
28/01/2021 09:15,3.539
28/01/2021 09:30,3.539
28/01/2021 09:45,3.54
28/01/2021 10:00,3.539
28/01/2021 10:15,3.539
28/01/2021 10:30,3.54
28/01/2021 10:45,3.54
28/01/2021 11:00,3.54
28/01/2021 11:15,3.538
28/01/2021 11:30,3.54
28/01/2021 11:45,3.541
28/01/2021 12:00,3.539
28/01/2021 12:15,3.54
28/01/2021 12:30,3.54
28/01/2021 12:45,3.541
28/01/2021 13:00,3.541
28/01/2021 13:15,3.543
28/01/2021 13:30,3.542
28/01/2021 13:45,3.542
28/01/2021 14:00,3.541
28/01/2021 14:15,3.543
28/01/2021 14:30,3.543
28/01/2021 14:45,3.542
28/01/2021 15:00,3.542
28/01/2021 15:15,3.544
28/01/2021 15:30,3.544
28/01/2021 15:45,3.544
28/01/2021 16:00,3.545
28/01/2021 16:15,3.546
28/01/2021 16:30,3.548
28/01/2021 16:45,3.547
28/01/2021 17:00,3.548
28/01/2021 17:15,3.548
28/01/2021 17:30,3.547
28/01/2021 17:45,3.548
28/01/2021 18:00,3.549
28/01/2021 18:15,3.548
28/01/2021 18:30,3.55
28/01/2021 18:45,3.549
28/01/2021 19:00,3.548
28/01/2021 19:15,3.55
28/01/2021 19:30,3.551
28/01/2021 19:45,3.551
28/01/2021 20:00,3.553
28/01/2021 20:15,3.553
28/01/2021 20:30,3.551
28/01/2021 20:45,3.552
28/01/2021 21:00,3.552
28/01/2021 21:15,3.553
28/01/2021 21:30,3.552
28/01/2021 21:45,3.553
28/01/2021 22:00,3.554
28/01/2021 22:15,3.554
28/01/2021 22:30,3.554
28/01/2021 22:45,3.555
28/01/2021 23:00,3.555
28/01/2021 23:15,3.555
28/01/2021 23:30,3.555
28/01/2021 23:45,3.556
29/01/2021 00:00,3.556
29/01/2021 00:15,3.555
29/01/2021 00:30,3.557
29/01/2021 00:45,3.556
29/01/2021 01:00,3.556
29/01/2021 01:15,3.557
29/01/2021 01:30,3.557
29/01/2021 01:45,3.558
29/01/2021 02:00,3.558
29/01/2021 02:15,3.557
29/01/2021 02:30,3.557
29/01/2021 02:45,3.56
29/01/2021 03:00,3.559
29/01/2021 03:15,3.56
29/01/2021 03:30,3.56
29/01/2021 03:45,3.561
29/01/2021 04:00,3.561
29/01/2021 04:15,3.563
29/01/2021 04:30,3.561
29/01/2021 04:45,3.561
29/01/2021 05:00,3.564
29/01/2021 05:15,3.565
29/01/2021 05:30,3.565
29/01/2021 05:45,3.566
29/01/2021 06:00,3.567
29/01/2021 06:15,3.567
29/01/2021 06:30,3.567
29/01/2021 06:45,3.568
29/01/2021 07:00,3.568
29/01/2021 07:15,3.568
29/01/2021 07:30,3.57
29/01/2021 07:45,3.571
29/01/2021 08:00,3.569
29/01/2021 08:15,3.571
29/01/2021 08:30,3.574
29/01/2021 08:45,3.573
29/01/2021 09:00,3.572
29/01/2021 09:15,3.574
29/01/2021 09:30,3.574
29/01/2021 09:45,3.575
29/01/2021 10:00,3.576
29/01/2021 10:15,3.576
29/01/2021 10:30,3.578
29/01/2021 10:45,3.578
29/01/2021 11:00,3.578
29/01/2021 11:15,3.578
29/01/2021 11:30,3.578
29/01/2021 11:45,3.579
29/01/2021 12:00,3.579
29/01/2021 12:15,3.577
29/01/2021 12:30,3.576
29/01/2021 12:45,3.578
29/01/2021 13:00,3.58
29/01/2021 13:15,3.579
29/01/2021 13:30,3.579
29/01/2021 13:45,3.58
29/01/2021 14:00,3.578
29/01/2021 14:15,3.578
29/01/2021 14:30,3.581
29/01/2021 14:45,3.58
29/01/2021 15:00,3.579
29/01/2021 15:15,3.579
29/01/2021 15:30,3.578
29/01/2021 15:45,3.58
29/01/2021 16:00,3.579
29/01/2021 16:15,3.579
29/01/2021 16:30,3.58
29/01/2021 16:45,3.58
29/01/2021 17:00,3.58
29/01/2021 17:15,3.58
29/01/2021 17:30,3.579
29/01/2021 17:45,3.578
29/01/2021 18:00,3.58
29/01/2021 18:15,3.579
29/01/2021 18:30,3.579
29/01/2021 18:45,3.58
29/01/2021 19:00,3.579
29/01/2021 19:15,3.581
29/01/2021 19:30,3.579
29/01/2021 19:45,3.579
29/01/2021 20:00,3.58
29/01/2021 20:15,3.58
29/01/2021 20:30,3.579
29/01/2021 20:45,3.581
29/01/2021 21:00,3.58
29/01/2021 21:15,3.581
29/01/2021 21:30,3.579
29/01/2021 21:45,3.581
29/01/2021 22:00,3.582
29/01/2021 22:15,3.579
29/01/2021 22:30,3.578
29/01/2021 22:45,3.578
29/01/2021 23:00,3.576
29/01/2021 23:15,3.578
29/01/2021 23:30,3.578
29/01/2021 23:45,3.577
30/01/2021 00:00,3.578
30/01/2021 00:15,3.577
30/01/2021 00:30,3.577
30/01/2021 00:45,3.576
30/01/2021 01:00,3.577
30/01/2021 01:15,3.577
30/01/2021 01:30,3.579
30/01/2021 01:45,3.581
30/01/2021 02:00,3.58
30/01/2021 02:15,3.581
30/01/2021 02:30,3.583
30/01/2021 02:45,3.584
30/01/2021 03:00,3.585
30/01/2021 03:15,3.586
30/01/2021 03:30,3.585
30/01/2021 03:45,3.586
30/01/2021 04:00,3.587
30/01/2021 04:15,3.588
30/01/2021 04:30,3.589
30/01/2021 04:45,3.59
30/01/2021 05:00,3.59
30/01/2021 05:15,3.591
30/01/2021 05:30,3.59
30/01/2021 05:45,3.589
30/01/2021 06:00,3.591
30/01/2021 06:15,3.591
30/01/2021 06:30,3.592
30/01/2021 06:45,3.593
30/01/2021 07:00,3.592
30/01/2021 07:15,3.592
30/01/2021 07:30,3.593
30/01/2021 07:45,3.595
30/01/2021 08:00,3.597
30/01/2021 08:15,3.596
30/01/2021 08:30,3.598
30/01/2021 08:45,3.599
30/01/2021 09:00,3.599
30/01/2021 09:15,3.6
30/01/2021 09:30,3.601
30/01/2021 09:45,3.602
30/01/2021 10:00,3.603
30/01/2021 10:15,3.604
30/01/2021 10:30,3.604
30/01/2021 10:45,3.604
30/01/2021 11:00,3.605
30/01/2021 11:15,3.605
30/01/2021 11:30,3.607
30/01/2021 11:45,3.607
30/01/2021 12:00,3.607
30/01/2021 12:15,3.607
30/01/2021 12:30,3.609
30/01/2021 12:45,3.609
30/01/2021 13:00,3.608
30/01/2021 13:15,3.611
30/01/2021 13:30,3.611
30/01/2021 13:45,3.611
30/01/2021 14:00,3.612
30/01/2021 14:15,3.612
30/01/2021 14:30,3.612
30/01/2021 14:45,3.609
30/01/2021 15:00,3.611
30/01/2021 15:15,3.612
30/01/2021 15:30,3.613
30/01/2021 15:45,3.613
30/01/2021 16:00,3.614
30/01/2021 16:15,3.613
30/01/2021 16:30,3.615
30/01/2021 16:45,3.615
30/01/2021 17:00,3.616
30/01/2021 17:15,3.615
30/01/2021 17:30,3.616
30/01/2021 17:45,3.618
30/01/2021 18:00,3.617
30/01/2021 18:15,3.619
30/01/2021 18:30,3.621
30/01/2021 18:45,3.619
30/01/2021 19:00,3.621
30/01/2021 19:15,3.622
30/01/2021 19:30,3.622
30/01/2021 19:45,3.622
30/01/2021 20:00,3.624
30/01/2021 20:15,3.625
30/01/2021 20:30,3.625
30/01/2021 20:45,3.627
30/01/2021 21:00,3.626
30/01/2021 21:15,3.626
30/01/2021 21:30,3.627
30/01/2021 21:45,3.626
30/01/2021 22:00,3.628
30/01/2021 22:15,3.63
30/01/2021 22:30,3.631
30/01/2021 22:45,3.63
30/01/2021 23:00,3.632
30/01/2021 23:15,3.632
30/01/2021 23:30,3.633
30/01/2021 23:45,3.633
31/01/2021 00:00,3.635
31/01/2021 00:15,3.634
31/01/2021 00:30,3.636
31/01/2021 00:45,3.637
31/01/2021 01:00,3.638
31/01/2021 01:15,3.639
31/01/2021 01:30,3.637
31/01/2021 01:45,3.638
31/01/2021 02:00,3.639
31/01/2021 02:15,3.639
31/01/2021 02:30,3.64
31/01/2021 02:45,3.642
31/01/2021 03:00,3.641
31/01/2021 03:15,3.643
31/01/2021 03:30,3.642
31/01/2021 03:45,3.644
31/01/2021 04:00,3.645
31/01/2021 04:15,3.645
31/01/2021 04:30,3.644
31/01/2021 04:45,3.644
31/01/2021 05:00,3.645
31/01/2021 05:15,3.645
31/01/2021 05:30,3.646
31/01/2021 05:45,3.646
31/01/2021 06:00,3.648
31/01/2021 06:15,3.648
31/01/2021 06:30,3.648
31/01/2021 06:45,3.649
31/01/2021 07:00,3.65
31/01/2021 07:15,3.651
31/01/2021 07:30,3.652
31/01/2021 07:45,3.653
31/01/2021 08:00,3.653
31/01/2021 08:15,3.655
31/01/2021 08:30,3.656
31/01/2021 08:45,3.657
31/01/2021 09:00,3.657
31/01/2021 09:15,3.661
31/01/2021 09:30,3.66
31/01/2021 09:45,3.661
31/01/2021 10:00,3.662
31/01/2021 10:15,3.663
31/01/2021 10:30,3.664
31/01/2021 10:45,3.665
31/01/2021 11:00,3.668
31/01/2021 11:15,3.669
31/01/2021 11:30,3.669
31/01/2021 11:45,3.669
31/01/2021 12:00,3.67
31/01/2021 12:15,3.67
31/01/2021 12:30,3.672
31/01/2021 12:45,3.674
31/01/2021 13:00,3.672
31/01/2021 13:15,3.673
31/01/2021 13:30,3.674
31/01/2021 13:45,3.673
31/01/2021 14:00,3.673
31/01/2021 14:15,3.675
31/01/2021 14:30,3.674
31/01/2021 14:45,3.676
31/01/2021 15:00,3.675
31/01/2021 15:15,3.678
31/01/2021 15:30,3.676
31/01/2021 15:45,3.677
31/01/2021 16:00,3.678
31/01/2021 16:15,3.678
31/01/2021 16:30,3.68
31/01/2021 16:45,3.68
31/01/2021 17:00,3.681
31/01/2021 17:15,3.682
31/01/2021 17:30,3.681
31/01/2021 17:45,3.682
31/01/2021 18:00,3.684
31/01/2021 18:15,3.684
31/01/2021 18:30,3.684
31/01/2021 18:45,3.685
31/01/2021 19:00,3.685
31/01/2021 19:15,3.686
31/01/2021 19:30,3.687
31/01/2021 19:45,3.688
31/01/2021 20:00,3.688
31/01/2021 20:15,3.689
31/01/2021 20:30,3.689
31/01/2021 20:45,3.69
31/01/2021 21:00,3.689
31/01/2021 21:15,3.692
31/01/2021 21:30,3.692
31/01/2021 21:45,3.691
31/01/2021 22:00,3.691
31/01/2021 22:15,3.693
31/01/2021 22:30,3.694
31/01/2021 22:45,3.695
31/01/2021 23:00,3.696
31/01/2021 23:15,3.697
31/01/2021 23:30,3.694
31/01/2021 23:45,3.697
01/02/2021 00:00,3.697
01/02/2021 00:15,3.698
01/02/2021 00:30,3.698
01/02/2021 00:45,3.698
01/02/2021 01:00,3.699
01/02/2021 01:15,3.699
01/02/2021 01:30,3.7
01/02/2021 01:45,3.7
01/02/2021 02:00,3.702
01/02/2021 02:15,3.701
01/02/2021 02:30,3.701
01/02/2021 02:45,3.703
01/02/2021 03:00,3.702
01/02/2021 03:15,3.702
01/02/2021 03:30,3.703
01/02/2021 03:45,3.703
01/02/2021 04:00,3.705
01/02/2021 04:15,3.705
01/02/2021 04:30,3.706
01/02/2021 04:45,3.707
01/02/2021 05:00,3.706
01/02/2021 05:15,3.707
01/02/2021 05:30,3.707
01/02/2021 05:45,3.708
01/02/2021 06:00,3.707
01/02/2021 06:15,3.707
01/02/2021 06:30,3.708
01/02/2021 06:45,3.708
01/02/2021 07:00,3.708
01/02/2021 07:15,3.709
01/02/2021 07:30,3.709
01/02/2021 07:45,3.708
01/02/2021 08:00,3.711
01/02/2021 08:15,3.71
01/02/2021 08:30,3.709
01/02/2021 08:45,3.71
01/02/2021 09:00,3.712
01/02/2021 09:15,3.712
01/02/2021 09:30,3.712
01/02/2021 09:45,3.712
01/02/2021 10:00,3.711
01/02/2021 10:15,3.713
01/02/2021 10:30,3.713
01/02/2021 10:45,3.713
01/02/2021 11:00,3.713
01/02/2021 11:15,3.714
01/02/2021 11:30,3.715
01/02/2021 11:45,3.714
01/02/2021 12:00,3.715
01/02/2021 12:15,3.714
01/02/2021 12:30,3.715
01/02/2021 12:45,3.715
01/02/2021 13:00,3.716
01/02/2021 13:15,3.715
01/02/2021 13:30,3.715
01/02/2021 13:45,3.714
01/02/2021 14:00,3.715
01/02/2021 14:15,3.715
01/02/2021 14:30,3.714
01/02/2021 14:45,3.714
01/02/2021 15:00,3.715
01/02/2021 15:15,3.714
01/02/2021 15:30,3.715
01/02/2021 15:45,3.716
01/02/2021 16:00,3.715
01/02/2021 16:15,3.717
01/02/2021 16:30,3.716
01/02/2021 16:45,3.716
01/02/2021 17:00,3.714
01/02/2021 17:15,3.714
01/02/2021 17:30,3.715
01/02/2021 17:45,3.715
01/02/2021 18:00,3.714
01/02/2021 18:15,3.716
01/02/2021 18:30,3.714
01/02/2021 18:45,3.714
01/02/2021 19:00,3.716
01/02/2021 19:15,3.715
01/02/2021 19:30,3.715
01/02/2021 19:45,3.715
01/02/2021 20:00,3.714
01/02/2021 20:15,3.716
01/02/2021 20:30,3.711
01/02/2021 20:45,3.71
01/02/2021 21:00,3.712
01/02/2021 21:15,3.716
01/02/2021 21:30,3.714
01/02/2021 21:45,3.716
01/02/2021 22:00,3.717
01/02/2021 22:15,3.717
01/02/2021 22:30,3.717
01/02/2021 22:45,3.717
01/02/2021 23:00,3.717
01/02/2021 23:15,3.719
01/02/2021 23:30,3.719
01/02/2021 23:45,3.721
02/02/2021 00:00,3.721
02/02/2021 00:15,3.724
02/02/2021 00:30,3.723
02/02/2021 00:45,3.723
02/02/2021 01:00,3.725
02/02/2021 01:15,3.724
02/02/2021 01:30,3.724
02/02/2021 01:45,3.724
02/02/2021 02:00,3.726
02/02/2021 02:15,3.725
02/02/2021 02:30,3.728
02/02/2021 02:45,3.728
02/02/2021 03:00,3.726
02/02/2021 03:15,3.727
02/02/2021 03:30,3.727
02/02/2021 03:45,3.726
02/02/2021 04:00,3.727
02/02/2021 04:15,3.728
02/02/2021 04:30,3.729
02/02/2021 04:45,3.729
02/02/2021 05:00,3.731
02/02/2021 05:15,3.73
02/02/2021 05:30,3.728
02/02/2021 05:45,3.729
02/02/2021 06:00,3.73
02/02/2021 06:15,3.73
02/02/2021 06:30,3.729
02/02/2021 06:45,3.731
02/02/2021 07:00,3.731
02/02/2021 07:15,3.732
02/02/2021 07:30,3.73
02/02/2021 07:45,3.731
02/02/2021 08:00,3.732
02/02/2021 08:15,3.731
02/02/2021 08:30,3.731
02/02/2021 08:45,3.732
02/02/2021 09:00,3.732
02/02/2021 09:15,3.732
02/02/2021 09:30,3.732
02/02/2021 09:45,3.733
02/02/2021 10:00,3.734
02/02/2021 10:15,3.733
02/02/2021 10:30,3.735
02/02/2021 10:45,3.733
02/02/2021 11:00,3.733
02/02/2021 11:15,3.734
02/02/2021 11:30,3.733
02/02/2021 11:45,3.733
02/02/2021 12:00,3.733
02/02/2021 12:15,3.733
02/02/2021 12:30,3.734
02/02/2021 12:45,3.735
02/02/2021 13:00,3.736
02/02/2021 13:15,3.736
02/02/2021 13:30,3.736
02/02/2021 13:45,3.736
02/02/2021 14:00,3.736
02/02/2021 14:15,3.738
02/02/2021 14:30,3.736
02/02/2021 14:45,3.738
02/02/2021 15:00,3.737
02/02/2021 15:15,3.738
02/02/2021 15:30,3.739
02/02/2021 15:45,3.739
02/02/2021 16:00,3.741
02/02/2021 16:15,3.74
02/02/2021 16:30,3.741
02/02/2021 16:45,3.741
02/02/2021 17:00,3.741
02/02/2021 17:15,3.742
02/02/2021 17:30,3.744
02/02/2021 17:45,3.742
02/02/2021 18:00,3.742
02/02/2021 18:15,3.744
02/02/2021 18:30,3.743
02/02/2021 18:45,3.743
02/02/2021 19:00,3.743
02/02/2021 19:15,3.744
02/02/2021 19:30,3.745
02/02/2021 19:45,3.745
02/02/2021 20:00,3.744
02/02/2021 20:15,3.745
02/02/2021 20:30,3.744
02/02/2021 20:45,3.745
02/02/2021 21:00,3.745
02/02/2021 21:15,3.744
02/02/2021 21:30,3.745
02/02/2021 21:45,3.745
02/02/2021 22:00,3.744
02/02/2021 22:15,3.746
02/02/2021 22:30,3.746
02/02/2021 22:45,3.747
02/02/2021 23:00,3.747
02/02/2021 23:15,3.749
02/02/2021 23:30,3.748
02/02/2021 23:45,3.749
03/02/2021 00:00,3.751
03/02/2021 00:15,3.751
03/02/2021 00:30,3.751
03/02/2021 00:45,3.75
03/02/2021 01:00,3.75
03/02/2021 01:15,3.752
03/02/2021 01:30,3.753
03/02/2021 01:45,3.752
03/02/2021 02:00,3.753
03/02/2021 02:15,3.753
03/02/2021 02:30,3.751
03/02/2021 02:45,3.752
03/02/2021 03:00,3.754
03/02/2021 03:15,3.753
03/02/2021 03:30,3.754
03/02/2021 03:45,3.753
03/02/2021 04:00,3.754
03/02/2021 04:15,3.754
03/02/2021 04:30,3.755
03/02/2021 04:45,3.755
03/02/2021 05:00,3.756
03/02/2021 05:15,3.755
03/02/2021 05:30,3.755
03/02/2021 05:45,3.755
03/02/2021 06:00,3.756
03/02/2021 06:15,3.756
03/02/2021 06:30,3.758
03/02/2021 06:45,3.757
03/02/2021 07:00,3.757
03/02/2021 07:15,3.757
03/02/2021 07:30,3.758
03/02/2021 07:45,3.757
03/02/2021 08:00,3.758
03/02/2021 08:15,3.758
03/02/2021 08:30,3.759
03/02/2021 08:45,3.761
03/02/2021 09:00,3.759
03/02/2021 09:15,3.76
03/02/2021 09:30,3.76
03/02/2021 09:45,3.761
03/02/2021 10:00,3.76
03/02/2021 10:15,3.76
03/02/2021 10:30,3.761
03/02/2021 10:45,3.761
03/02/2021 11:00,3.761
03/02/2021 11:15,3.762
03/02/2021 11:30,3.763
03/02/2021 11:45,3.763
03/02/2021 12:00,3.763
03/02/2021 12:15,3.764
03/02/2021 12:30,3.763
03/02/2021 12:45,3.763
03/02/2021 13:00,3.762
03/02/2021 13:15,3.765
03/02/2021 13:30,3.763
03/02/2021 13:45,3.764
03/02/2021 14:00,3.766
03/02/2021 14:15,3.766
03/02/2021 14:30,3.766
03/02/2021 14:45,3.766
03/02/2021 15:00,3.766
03/02/2021 15:15,3.768
03/02/2021 15:30,3.767
03/02/2021 15:45,3.766
03/02/2021 16:00,3.766
03/02/2021 16:15,3.768
03/02/2021 16:30,3.768
03/02/2021 16:45,3.768
03/02/2021 17:00,3.767
03/02/2021 17:15,3.768
03/02/2021 17:30,3.769
03/02/2021 17:45,3.769
03/02/2021 18:00,3.769
03/02/2021 18:15,3.769
03/02/2021 18:30,3.769
03/02/2021 18:45,3.771
03/02/2021 19:00,3.77
03/02/2021 19:15,3.77
03/02/2021 19:30,3.771
03/02/2021 19:45,3.771
03/02/2021 20:00,3.771
03/02/2021 20:15,3.772
03/02/2021 20:30,3.772
03/02/2021 20:45,3.772